amplification,cyclin_throttle,leakage_ci_high,leakage_ci_low,leakage_mean,leakage_median,leakage_n,leakage_std,mutation_reduction_ci_high,mutation_reduction_ci_low,mutation_reduction_mean,mutation_reduction_median,mutation_reduction_n,mutation_reduction_std,sphase_fold_ci_high,sphase_fold_ci_low,sphase_fold_mean,sphase_fold_median,sphase_fold_n,sphase_fold_std,viability_ci_high,viability_ci_low,viability_mean,viability_median,viability_n,viability_std
0.5,0.05,0.3438972346895209,0.33623047008595014,0.3400238285121199,0.3400158668040689,19800,0.001950825374234959,1.4041645514019434,1.2546146953807913,1.3253928891760922,1.3192713262265543,19800,0.04232257480928719,4.209779137300689,3.6844321973851275,3.9501556958212585,3.9527931080165835,19800,0.13570926433439276,0.9918376751322909,0.9308142582225551,0.961430119471942,0.9616670290248867,19800,0.015521528470861384
0.5,0.08000000000000002,0.34384321487770114,0.3361180915992977,0.33997699629057154,0.33997121811035025,19800,0.001960493211244442,1.4126732670667796,1.2609925503485155,1.3322318395508068,1.3255321750309643,19800,0.04307773828532381,4.211061079807581,3.685641365296166,3.9514287405294084,3.9535206233666957,19800,0.13475843100302012,0.9910139529766878,0.9295664351953519,0.9603182251612699,0.9601796447644718,19800,0.01563886771965636
0.5,0.11000000000000001,0.3437929811071365,0.3361937252385719,0.3400035847178264,0.3399866278893958,19800,0.0019397883860458565,1.4195381462431844,1.2681323341943176,1.33894138495736,1.331467755893342,19800,0.04339103844576826,4.2090053354296115,3.6869008540766277,3.952175714351449,3.9545162619028194,19800,0.13464856592699811,0.9899936806687799,0.9278181882070113,0.9590908683336209,0.9591655560992381,19800,0.015826880178010965
0.5,0.14,0.3438371601498248,0.3361944816063274,0.3400038054287996,0.33999707544925745,19800,0.0019389940440642983,1.4273287504984389,1.2736446176615173,1.3453723237893296,1.3372723405023654,19800,0.044080036330791106,4.208877851224533,3.683216475742227,3.9516888092479077,3.955832837614456,19800,0.1356448341375245,0.9883802477529111,0.9268082679449381,0.9576587512634707,0.957639652214267,19800,0.015677456782854024
0.5,0.17000000000000004,0.34379521265015156,0.3362137074089841,0.3400208002721571,0.34003064098529234,19800,0.001927661156868635,1.4359243355549498,1.2801976679444957,1.3523806573243053,1.3434508933117126,19800,0.044747684799549846,4.212672674756294,3.6844317840516667,3.9513828829354036,3.9537565145828615,19800,0.13511461642827766,0.9869891052068864,0.9247710646096172,0.9561225823330758,0.9562826215961091,19800,0.01583223097427078
0.5,0.2,0.3437995133148048,0.33624492882073287,0.3400101385907343,0.34001422101580053,19800,0.0019330276524255649,1.4434600831531685,1.2874900696510825,1.35875980516933,1.3492590483905653,19800,0.04496762109084768,4.212307802491063,3.688353434358911,3.9517234309252958,3.9545094819903035,19800,0.13542342900576076,0.9855279368901447,0.9233013995842735,0.9545077684677699,0.9545244241864445,19800,0.015746245675461408
0.7142857142857143,0.185,0.3437843664937208,0.33620500792617714,0.3399924362672297,0.3399993245860535,19800,0.001937650838974978,1.598721374593592,1.3893770782350716,1.4868018582030242,1.475103554934361,19800,0.06093038080669864,4.6938436721122425,4.044025776050091,4.381899460152267,4.389446388601313,19800,0.1690660690547021,0.9778104410381898,0.915096277209184,0.9460511735095497,0.9459655887091998,19800,0.016105745963021202
0.7142857142857143,0.2,0.3438102984979453,0.3361567496346782,0.339999664763434,0.33999428766906453,19800,0.0019468037151922403,1.6014973399081256,1.3924632315172298,1.4902099009401808,1.4779213602255634,19800,0.061218546283296385,4.696342694992739,4.0428940981230905,4.38272308477425,4.392369830638642,19800,0.17036502856861024,0.9760831220949503,0.9131966159054534,0.9448617457681746,0.9450453496254076,19800,0.016063774506753958
0.9285714285714286,0.05,0.34380497077093136,0.3362038451395807,0.33999039478652654,0.33999529305194703,19800,0.0019440102928207084,1.7096622905037016,1.4588079041937545,1.5791746031654974,1.5690911288543377,19800,0.0732690770780172,5.1838129763324154,4.401754091418405,4.813934886663113,4.829075113174756,19800,0.2062625150654461,0.9740954348042505,0.9111568153857539,0.9427234577279516,0.9428412741386871,19800,0.016117409156538216
0.9285714285714286,0.08000000000000002,0.34380327842563746,0.33616425121963667,0.3399845738549745,0.33996818545411145,19800,0.0019436995903046321,1.7202723619216023,1.4659579034228518,1.5871460557003398,1.5760503194495854,19800,0.07431577810244389,5.189225859767206,4.403201186625427,4.816102065599862,4.831923524304671,19800,0.20748929727082635,0.9727070732957647,0.9100561638602673,0.9411984614210311,0.941103746495108,19800,0.01611264667699587
0.9285714285714286,0.11000000000000001,0.3438401316831796,0.33616165256616803,0.33999030832122107,0.3399898077117721,19800,0.0019503378400758662,1.7299214653464687,1.473183174361252,1.594894769653992,1.5831325135624108,19800,0.07503320456496132,5.187771814231787,4.406997399005395,4.815836546409681,4.830741670609766,19800,0.20609143895446558,0.9713029986339036,0.9080202407414811,0.9395860722877625,0.9395214813637494,19800,0.016171044016554253
0.9285714285714286,0.14,0.34380552348528437,0.33618124200356136,0.3400112760648536,0.34000027295233237,19800,0.0019594915966498266,1.736871777566725,1.4805567065385308,1.6022135470410808,1.5901975436053557,19800,0.07529259188696734,5.1853292745229975,4.4099505420471266,4.814720038736833,4.831116790065603,19800,0.20611217701432372,0.9695224973611359,0.9051836248476047,0.9374806088108142,0.9373973862814066,19800,0.016351531352823887
0.9285714285714286,0.17000000000000004,0.34385906266192856,0.33618042319551117,0.3400096922847031,0.3400095580000284,19800,0.001943243070770704,1.7464596138231447,1.4868838084342908,1.6094263462571834,1.5963979681334601,19800,0.07627818932083495,5.183153565825331,4.398851752441048,4.812536839719526,4.829096055359948,19800,0.20618897377218248,0.9671573095082318,0.9026952636064041,0.9350566805182028,0.9350157806013474,19800,0.016399415061870183
0.9285714285714286,0.185,0.3438372961102262,0.3362078736437275,0.3399997655063541,0.33999277385038973,19800,0.0019409174298611912,1.7495313436560334,1.4892401968918334,1.6129273762158698,1.5995414537688517,19800,0.07675102436781664,5.187888551793309,4.401681372246413,4.815487858963644,4.832851190020538,19800,0.2075378964754347,0.96587017775272,0.9021722079308575,0.9340547415020013,0.9341300308816374,19800,0.016335058493232812
0.9285714285714286,0.2,0.3438040813645885,0.3361291621629809,0.3399809667421007,0.33998064585985205,19800,0.001943462918375583,1.7559490957022807,1.4940313548922424,1.6167626813777172,1.603086534662177,19800,0.07701903780029935,5.190559063261966,4.41331424438653,4.816702865453103,4.83238933780689,19800,0.20551738274168652,0.9642025876347041,0.900967448311915,0.932809924427647,0.9328114225420197,19800,0.016147796722941452
1.1428571428571428,0.185,0.3437784686801123,0.33621964121427406,0.3399983257281602,0.3399875675275278,19800,0.001939401217469828,1.894822930467321,1.5871648842014099,1.7331913255096951,1.718820364189857,19800,0.09022611048772715,5.670984624429291,4.763808015304284,5.244233656610751,5.270029115524123,19800,0.24540912650558833,0.952529114689502,0.8866641708287867,0.9194303439579116,0.9195723966896547,19800,0.01688092517665211
1.1428571428571428,0.2,0.3438185258592831,0.3362071690441352,0.34000469619434126,0.3400024263439495,19800,0.0019524802788497902,1.9001534229419081,1.5907519635548812,1.7371828925275137,1.7217471551930459,19800,0.09094005804724437,5.676941966031026,4.763250883351967,5.247021577389601,5.266820724244467,19800,0.24435980994792017,0.9514836628474632,0.8856528535895652,0.9181987899137017,0.918064211774246,19800,0.016847515653102055
1.142857142857143,0.06500000000000002,0.34380310930913355,0.33615751104337277,0.33998047460141495,0.3399808077626295,19800,0.0019526798568226438,1.8596351449730382,1.55658685003293,1.7025402974595893,1.6913241463798254,19800,0.08825283685025959,5.6831250301758045,4.757158392864472,5.248020212784941,5.270843187927059,19800,0.24614681542005062,0.960736012027849,0.896323208829652,0.9285689212343127,0.928583901791751,19800,0.016441516882843423
1.142857142857143,0.08000000000000002,0.3437448587020416,0.33619554376043265,0.3400084139093827,0.33999005283318084,19800,0.0019325028984731036,1.8622373313754617,1.561898877765666,1.7060643150204446,1.694505020815905,19800,0.0880807988801111,5.674052888314752,4.757668094494213,5.244607516835283,5.269256487491441,19800,0.2436626018744077,0.9600649988688805,0.8948155210648926,0.9275974055092653,0.9275924984392396,19800,0.016633727263851615
1.142857142857143,0.09500000000000001,0.34379846018614385,0.33620971094619184,0.3399995086794923,0.3400072248609483,19800,0.0019397472821412744,1.8692288732428568,1.564305180997916,1.71001997060802,1.6980408447523088,19800,0.08920106019577158,5.674170800640722,4.759587651098326,5.245599182317827,5.267819689669091,19800,0.2455060368799475,0.9589817304394515,0.8945141204287574,0.926744028082354,0.9267053825738174,19800,0.016481074058761935
1.142857142857143,0.11000000000000001,0.3437622431548074,0.3361793140341082,0.3400120799648853,0.34001314487405865,19800,0.0019313953585691126,1.8731633228893279,1.5676421641764011,1.7139442473843545,1.7017741331810872,19800,0.0890941555423853,5.671779307905828,4.75809920076933,5.243203883757531,5.266386094945368,19800,0.24446654704742563,0.9582327427030812,0.8930972845603099,0.9254901964876832,0.9254671532445209,19800,0.016641275475152803
1.142857142857143,0.12500000000000003,0.34375604347659244,0.3361983356306793,0.3399710157114012,0.33997838581911866,19800,0.001921064896026085,1.8776031515692633,1.570941940726379,1.7176711130088496,1.704639066067653,19800,0.08970691068433302,5.677488254726968,4.75349148172804,5.246164325010997,5.273075843657224,19800,0.2461572568759056,0.956390661098797,0.8920280976965536,0.9242736249459322,0.9243708026120906,19800,0.01653593139599371
1.142857142857143,0.14,0.34380619967287945,0.3361933539362552,0.3400052954863169,0.34000126354486715,19800,0.0019463834863750948,1.8834128566721013,1.575436070866738,1.7219231283739587,1.7082602853480695,19800,0.09013670778373033,5.676815485461009,4.7559318566007125,5.245584079859265,5.267244430453027,19800,0.2438886742358405,0.9559520361785034,0.8910061801724257,0.923243937962819,0.9232460565910756,19800,0.016515436814319252
1.142857142857143,0.15500000000000003,0.3437925920900398,0.3362533958023248,0.3400191451724154,0.34001058955250185,19800,0.0019215641595793508,1.8854507263325022,1.5795269310127709,1.725429062570883,1.7114437596139065,19800,0.09009794571814532,5.680012234008323,4.756658108152847,5.244564258448073,5.270378902705236,19800,0.2459257164647283,0.9542038488846049,0.8896568320859743,0.9220564835533681,0.9221267524036021,19800,0.016606662360086736
1.142857142857143,0.17000000000000004,0.3438143114168706,0.3361750118111219,0.34000119695229747,0.33999355324023056,19800,0.001939469487056005,1.8912193587848543,1.5817765849355268,1.7292205112576087,1.71558826770907,19800,0.09042561750655126,5.679633742899326,4.757924830261458,5.24708019353737,5.271833343573851,19800,0.2456857947380325,0.9532326473936424,0.8883385812177474,0.9206804380261555,0.9205216471351734,19800,0.016578814785227842
1.3571428571428572,0.05,0.34383457755759317,0.33620846271881566,0.33999959829748977,0.34000407270356425,19800,0.0019408936302281626,1.9877830196716624,1.6409590860487162,1.8095882937763,1.7991069479260675,19800,0.10100118692482044,6.178002438712195,5.09988049803688,5.6763946242394185,5.709608779079488,19800,0.2873377571317504,0.9470038340045774,0.8806349121625371,0.9136951899500485,0.9136375766379163,19800,0.016972089702652654
1.3571428571428572,0.06500000000000002,0.34380975963569005,0.33623421788558827,0.34002851908301185,0.34002795681004355,19800,0.0019301869360156968,1.9935376129912203,1.644053369391994,1.8135095359393207,1.8019846273646682,19800,0.10135949031500381,6.1697294002137495,5.102404266063623,5.676149336629658,5.710713056397918,19800,0.28597949607247536,0.9457262157006084,0.8795984192321884,0.9126713979530903,0.9127647717599645,19800,0.017027428719742846
1.3571428571428572,0.08000000000000002,0.3438364017535158,0.3362938560253158,0.3400090413253678,0.34000616642935544,19800,0.0019349195459431319,1.9978970148333937,1.6493546152151237,1.8180452956009667,1.8056208150334956,19800,0.10155404869150339,6.174183183845246,5.107031859255164,5.678344180639231,5.710617684336599,19800,0.2845728318417742,0.9447517949043609,0.878297057882394,0.9116015832057901,0.9114848146643061,19800,0.017075694080130613
1.3571428571428572,0.09500000000000001,0.3438022244544402,0.33622564003995403,0.34000582245646765,0.3400080879100902,19800,0.0019165907202159046,2.0024966895567737,1.6521248347761126,1.8218218762395197,1.8091678762910386,19800,0.10221557397729505,6.168283163137037,5.109319917275309,5.678624284250199,5.713330333430497,19800,0.28544776264271426,0.9435562960755987,0.8772106217442046,0.9101625969901646,0.9100902833453196,19800,0.01703455814221388
1.3571428571428572,0.11000000000000001,0.3437198798486536,0.3362143033354777,0.3399862236296195,0.3399907108672183,19800,0.0019383027633155415,2.0088929257005828,1.658079463700482,1.825782350897118,1.8127817186280057,19800,0.10211414928567047,6.167618635496196,5.117049877127048,5.676362488208234,5.708870786470821,19800,0.28444580663966346,0.9426674615099705,0.8758165919435139,0.9091877621705847,0.9091416347165145,19800,0.017113472326054736
1.3571428571428572,0.12500000000000003,0.3438036520302253,0.3362735684819479,0.34000699627870595,0.3400131143296622,19800,0.0019222559636519808,2.011436032517234,1.6592568070828932,1.8294740458635381,1.8159755451000597,19800,0.10257661806361304,6.167284470050893,5.112836079695155,5.675268734925883,5.709278976790285,19800,0.28431396145258747,0.9410070656224929,0.8743287359615638,0.9077117209207197,0.9078523459699004,19800,0.01712789169931218
1.3571428571428572,0.14,0.3438192353643288,0.3362711386928367,0.34001793632707794,0.340001202509565,19800,0.0019287878357677577,2.016385934886733,1.6640712234937176,1.8333925621451785,1.8185129232037656,19800,0.10272256668634747,6.169250518143772,5.10282616204349,5.674740391731089,5.706730883206701,19800,0.28467543226846903,0.9399656084446129,0.873122029207326,0.9066192993582088,0.9065431015772427,19800,0.017176522428924427
1.3571428571428572,0.15500000000000003,0.34380076238250884,0.33619135860564797,0.34000990629409694,0.34000262529620173,19800,0.0019448571053035904,2.0237888158054838,1.6673575553397408,1.8372069723356252,1.8233412147335606,19800,0.10330407851434391,6.1734780649648915,5.103286505576408,5.675233671772851,5.7078304523106365,19800,0.2860152541006602,0.9385113166615471,0.8714504587908966,0.9050034517681342,0.9049579011070483,19800,0.017255816289186366
1.3571428571428572,0.17000000000000004,0.34373306845032553,0.3362478100821742,0.34000393190405426,0.34002385206115193,19800,0.0019306055215958897,2.0260884258349723,1.672217635577391,1.8414641153938491,1.8265997635834912,19800,0.1031157310746618,6.168951147946743,5.107699975889327,5.677896950016799,5.713076670008321,19800,0.28509422728174966,0.9373679406580548,0.869891061353146,0.9037673784972448,0.9037142234230104,19800,0.017299220286866153
1.3571428571428572,0.18500000000000005,0.343800905590264,0.33623326681875304,0.3400027894769033,0.33997918295767227,19800,0.0019359706357009094,2.0308440612861007,1.6756837089426264,1.8453820256710647,1.8296127409981136,19800,0.10392640352674788,6.163719338266665,5.10957156288166,5.677138143841133,5.710678657142214,19800,0.2843049326923959,0.9358207400894583,0.868431702890464,0.9020943040303138,0.9021327596385836,19800,0.017147160427578287
1.3571428571428572,0.2,0.3437913711187052,0.3361922814521362,0.33997717420516393,0.33997929119919745,19800,0.0019427700000771634,2.0380163919162615,1.6791160680913217,1.8491919265501349,1.8334638498185125,19800,0.10426659208937968,6.1679367637186875,5.105832130903417,5.6760875844667495,5.709212051183272,19800,0.2838506381282216,0.9347495258107802,0.8666058394370744,0.9008498208294534,0.9009156544940096,19800,0.01748788411754146
1.5714285714285714,0.06500000000000002,0.34381378518022404,0.3362685667731677,0.3400085182919652,0.34000150416110014,19800,0.0019228133219222922,2.1159547129711394,1.7294332368643615,1.917479732748996,1.9065337272489766,19800,0.11182016779490564,6.663082263318002,5.462423954461322,6.110811788250143,6.1544219803145985,19800,0.32417172550789214,0.9281278113021337,0.8596319368433852,0.8939417796589552,0.8939153637871222,19800,0.017596555492421936
1.5714285714285714,0.08000000000000002,0.34383444420591114,0.3361501496946835,0.34000948599607367,0.3399988069969779,19800,0.0019498012970819197,2.1226200940608244,1.7321555417573722,1.9209760451825757,1.90899415796464,19800,0.1131462051709195,6.658456268711835,5.45971908917253,6.107507521189575,6.155493851717334,19800,0.32541333182473386,0.9268515752746869,0.858416681154202,0.8927008809930058,0.8925981484897905,19800,0.017588586221044977
1.5714285714285714,0.09500000000000001,0.34377471056144043,0.3361793831435507,0.3399839893004888,0.3399956315467215,19800,0.001944588645743405,2.128194637712076,1.7353198803109677,1.9250399690076654,1.912067602848328,19800,0.11349071379448762,6.651686032137839,5.45506080851192,6.104388587546699,6.147119154811522,19800,0.32434677545873636,0.9252518532770367,0.8571744506883913,0.8912357443241046,0.8912374122432662,19800,0.01770191996655539
1.5714285714285714,0.11000000000000001,0.3437987635803396,0.3361506253673397,0.34001154288605123,0.3400214149693882,19800,0.0019260513237229437,2.1327903860786996,1.742292586297169,1.9297687487564925,1.9158859983356036,19800,0.11323326879439986,6.6599234637627545,5.460641648740939,6.1085169625076805,6.153532174585396,19800,0.3242587919996983,0.9240763116960858,0.8554279991463845,0.890015729024767,0.8901857087456821,19800,0.01768262824720052
1.5714285714285714,0.12500000000000003,0.3438112286711431,0.336154159373555,0.33997839271338187,0.33997601044207804,19800,0.0019440927202836042,2.134924319034706,1.742396977656533,1.9332788903282938,1.9199658182526012,19800,0.11349666845688909,6.658385189052349,5.452521902522566,6.107628271639309,6.150479683766809,19800,0.32668506386021406,0.9230264148024713,0.8536217413363797,0.8885559760658902,0.8886708931815887,19800,0.017839193563466412
1.5714285714285714,0.14,0.34371188534024616,0.336174372249165,0.33998923003087095,0.3400048334406148,19800,0.0019386065859985514,2.141061748451464,1.7467205075468266,1.936595530462335,1.922895601601624,19800,0.11387141523535017,6.659860356532919,5.466676983539101,6.1072211319209595,6.1491174771857695,19800,0.323748159444785,0.9221087560204608,0.8516949838060593,0.8869478933428389,0.8868622033858855,19800,0.018009883909125474
1.5714285714285714,0.15500000000000003,0.34379839106929805,0.3361886135307898,0.3399815801359929,0.3399699812902284,19800,0.0019436482204733274,2.148336143193955,1.7525388562196484,1.941212844490542,1.9271639026719034,19800,0.11447498608374444,6.665503483188674,5.46326786653605,6.10815541027723,6.1480641910257745,19800,0.32338378928024014,0.9206589061054417,0.8501230075384897,0.8855095291947221,0.8856684561207115,19800,0.01802868617337678
1.5714285714285714,0.17000000000000004,0.34380487960224404,0.3361777121401285,0.34000666012729647,0.3400069240791618,19800,0.0019402809184644457,2.151231763853574,1.7565606212708123,1.945003631137854,1.9305982058823403,19800,0.1144423775386968,6.662808525712464,5.460134897323629,6.108258867458636,6.1510871203848,19800,0.3240365270958512,0.9190241520552602,0.8485977003496299,0.8839774293768361,0.883993946152269,19800,0.01813092403808377
1.5714285714285714,0.18500000000000005,0.34370081342566694,0.3362181567980936,0.33999496512357025,0.34000952974073284,19800,0.0019138371034508545,2.154789517282276,1.7588987286303923,1.948298621704144,1.9345883832968962,19800,0.11476535096385738,6.659327041361919,5.462595610835195,6.107324779928584,6.150559570404284,19800,0.32357875013168647,0.9179704731036216,0.8474471527859999,0.882556986435159,0.882533339691731,19800,0.01813259814223722
1.5714285714285714,0.2,0.34376660605217474,0.3362115770997239,0.3399890037201428,0.33998799986804934,19800,0.0019202248693130815,2.160655894309914,1.7624209060247018,1.9522638283886005,1.9368740754604203,19800,0.11537862039610676,6.654448700729902,5.453489992277224,6.106003215753208,6.1497037246840565,19800,0.32381679461959195,0.9163271342021786,0.8455475438858072,0.8807417091770136,0.8806567976015356,19800,0.018073732356545698
1.7857142857142856,0.05,0.3438142339431372,0.33620480517313855,0.3399915381283118,0.3399688533173703,19800,0.0019417767162872334,2.2253998854789168,1.8013978147049474,2.007379251269034,1.9976462714923247,19800,0.12173152676837308,7.150867397556031,5.811137783798992,6.539402427975405,6.591073449478522,19800,0.3661614980635463,0.909266371406922,0.8378130743405227,0.8739275612028944,0.8739879809955343,19800,0.018313297063507778
1.7857142857142856,0.08000000000000002,0.3437839599085161,0.33624090610634416,0.34000689709913473,0.3400204112698827,19800,0.0019307656954549275,2.232995933907535,1.808016179855246,2.0152178682285236,2.003043809860862,19800,0.12207848606692574,7.1561918213843185,5.814505651134462,6.538986047697617,6.5899672935383515,19800,0.3636029719243361,0.9069053160344643,0.8351698230520851,0.8711736217310553,0.8713423187683198,19800,0.018509156478456874
1.7857142857142856,0.11000000000000001,0.3438073581001278,0.33617848475135836,0.3399956060526809,0.3399912937419901,19800,0.0019464918491643626,2.242181354417173,1.8137916601363249,2.0233368255178297,2.01265244570874,19800,0.12293555717288185,7.154342581463885,5.808426419298052,6.5378671753079605,6.588301273730963,19800,0.367495022743627,0.9039339575273734,0.8314148139783761,0.8678986779960411,0.8679462410622232,19800,0.01865291159433732
1.7857142857142856,0.14,0.3438638354921312,0.33619255471086057,0.3400010795051736,0.3399830360734182,19800,0.001953419549571919,2.2553327532295038,1.824874758043225,2.030618230367313,2.0179727718252822,19800,0.12322061420521152,7.148553461900495,5.799353466189149,6.537606834477896,6.589944051911781,19800,0.3644466189597087,0.900701943427518,0.8282224454302068,0.8647183945472863,0.8648101361395021,19800,0.018902482185809144
1.7857142857142856,0.17000000000000004,0.34373448097622494,0.3361781741919983,0.3400031059454983,0.3399947898216582,19800,0.001940273187547857,2.2647294179112407,1.830105475532748,2.038354855587095,2.024196689308245,19800,0.12394778164762997,7.152906201393843,5.812470491126909,6.53821274782797,6.591981383872105,19800,0.36356567520772026,0.8982346631281891,0.8252540697776949,0.8617410675070265,0.862001810563765,19800,0.01877981352868532
1.7857142857142856,0.2,0.343821857725843,0.33618434240652306,0.3400045116667619,0.34001662843875013,19800,0.0019454796015663624,2.2737833109135197,1.8358215466709704,2.0457299360785934,2.031740151795388,19800,0.12500802423601298,7.149782294968691,5.804498574720565,6.536794807086601,6.5907554472999035,19800,0.3653795011065126,0.8951327257600028,0.8208932131149868,0.8581568696775997,0.8581882057640775,19800,0.019106261157600356
2.2142857142857144,0.05,0.3437748614410569,0.3362163108034364,0.3399820361176874,0.3399740223863452,19800,0.0019320982797963178,2.412191257402928,1.9286722218426469,2.1637851763565097,2.1570806010213044,19800,0.13502806244771062,8.141709553783535,6.518036890171746,7.401787769615543,7.470361357326821,19800,0.4452182985945368,0.8622082875086778,0.7839813177236801,0.8235921965556114,0.8239198462556012,19800,0.020469459838502964
2.2142857142857144,0.08000000000000002,0.34383885083971427,0.33623307712319495,0.3400180950471261,0.3400103170093536,19800,0.0019402307740799152,2.4197648201183335,1.9356103311719444,2.170808207124407,2.1637828517360047,19800,0.13501173518292564,8.134076822138688,6.5114893930474205,7.398419534982692,7.469427272145079,19800,0.44445534721624314,0.8597280900970387,0.7802374004449135,0.8201977839789527,0.8203416401000373,19800,0.020734474312121037
2.2142857142857144,0.11000000000000001,0.34384008995065013,0.33627362739985683,0.3400063654231172,0.3400086369634838,19800,0.0019426264184367991,2.4309324099392886,1.9443745587192571,2.178652805084643,2.1704916894346677,19800,0.135570182481917,8.137550838674612,6.522146523166379,7.402289841522059,7.467230844404162,19800,0.44368850200230586,0.8562742280554403,0.7767031364801439,0.8167607830000477,0.8168752328603663,19800,0.020789887828286377
2.2142857142857144,0.14,0.34377857516079485,0.3361574706487344,0.33999113854324575,0.33998570986063836,19800,0.001947420780516461,2.4397957466941445,1.9476832726285338,2.185281261797233,2.178187158778007,19800,0.13627372505841004,8.139699980342979,6.515745399691302,7.398175534028072,7.472091324960758,19800,0.4450105796024972,0.8528797660470884,0.7728891050744445,0.8129007379767749,0.8128152063628831,19800,0.02104104634388473
2.2142857142857144,0.17000000000000004,0.34381276990203413,0.33615089363783457,0.3400013622438104,0.34001557895340284,19800,0.001948274362660426,2.449638753398343,1.9542998222550636,2.192188834581831,2.183329053093188,19800,0.13771467431094844,8.137916646610488,6.502915680169691,7.399928229146425,7.4753941882992825,19800,0.4475753709367643,0.8491601310504764,0.768467842563563,0.8089507017538038,0.8089601368344083,19800,0.021148413132150427
2.2142857142857144,0.2,0.3437963085655576,0.33626111091429056,0.3399918359716008,0.3399699932887099,19800,0.0019216283793667874,2.458260649343754,1.9609154611309603,2.1992533077795424,2.1887527145474803,19800,0.13774205945081117,8.138836669727988,6.503357510489358,7.397962019896115,7.469657043060863,19800,0.4434260929674637,0.8448733060282624,0.7645451450612873,0.8049449183111078,0.8050781001477115,19800,0.021295121423898423
2.642857142857143,0.05,0.34380538166793184,0.33625740105140894,0.34001074148760757,0.3400034583972528,19800,0.0019234950747825852,2.5480565136962547,2.0194077574471487,2.272705267400136,2.2720191764393025,19800,0.14157234298767601,9.11893915156597,7.209645321015175,8.261770899019817,8.347792430767221,19800,0.5266633994702546,0.8062542849711211,0.7188876162702365,0.7628515902096101,0.7633109687132473,19800,0.02340946266551967
2.642857142857143,0.08000000000000002,0.3437301297911679,0.3361771889334552,0.3399791296126467,0.33997504656000255,19800,0.0019297356981410592,2.5538338882216887,2.019768809709445,2.2786066290162212,2.2766101305851,19800,0.14225147182978023,9.130495787283891,7.198165268123006,8.259201851187152,8.346929052565457,19800,0.5326205512141995,0.8030058295946841,0.7141453033951605,0.7587066852003838,0.7593185058425261,19800,0.02388140402964809
2.642857142857143,0.11000000000000001,0.3438701981384357,0.3362809664716018,0.34004148309667537,0.3400445267777097,19800,0.0019226806073429949,2.561068847509193,2.0294485792235974,2.2853655545326896,2.2833827999935212,19800,0.14237467333041362,9.125488843195715,7.1974540934185285,8.255710492746806,8.343880702993177,19800,0.5285838855463867,0.7990082871199375,0.7096394436932366,0.7546956752045821,0.7550150432407323,19800,0.023900105448153703
2.642857142857143,0.14,0.34387374702760043,0.3362057528005382,0.3400117651577996,0.3400187752244907,19800,0.0019492533932710821,2.568897944247957,2.0383592010288996,2.291427819622646,2.2878695774043605,19800,0.14242245589754354,9.114654187909487,7.214999180140108,8.257841076654925,8.35042701486574,19800,0.5253146073427719,0.7946044295523091,0.7043316386837878,0.7502864602704595,0.7509372409373535,19800,0.02421429146627276
2.642857142857143,0.17000000000000004,0.34382479537395183,0.3361751871522368,0.34000476075216535,0.34000921159977654,19800,0.0019459394718789615,2.579840414692318,2.0436645129423257,2.2977298261637458,2.29487126651739,19800,0.14310385443767237,9.120219226523162,7.219991745194128,8.26081656332701,8.351890461416572,19800,0.5249040578894092,0.7907873780641579,0.7004688417361157,0.7458213861175728,0.7462313704793427,19800,0.024415097131567157
2.642857142857143,0.2,0.3438079696242795,0.33624982522251534,0.3400272260996445,0.3400413524060368,19800,0.0019311298860405018,2.585286247236412,2.047981307640047,2.302844513226074,2.299840418449757,19800,0.14372731000538652,9.123735905981476,7.202699986051589,8.25660680218543,8.34935595032842,19800,0.5302222932999582,0.7862944733459728,0.6953248678352973,0.7412301037508344,0.741935440857578,19800,0.024651897048238433
3.071428571428571,0.05,0.34377166782507856,0.3361961983361252,0.34000235685997016,0.34001858497817106,19800,0.0019414489032968728,2.6203953727835354,2.0643509438124594,2.333461601400038,2.3327928995447635,19800,0.14512121062199754,10.11996624312561,7.900085127993538,9.120280871507893,9.228032095953154,19800,0.613951017825827,0.7400866764087832,0.6404204444008978,0.691145750029906,0.6921001660836323,19800,0.027450251523304183
3.071428571428571,0.08000000000000002,0.34382474983600586,0.3361308781196949,0.34000921651277755,0.34002098900082456,19800,0.001955273445878718,2.6291967199173976,2.0715301963378527,2.33800342576212,2.3372532517941407,19800,0.1451218386745356,10.101151959216828,7.881542766280907,9.117298288235208,9.228733465372827,19800,0.6101753590239886,0.7360471089878399,0.6360228543328027,0.6868175712853238,0.6880462321137975,19800,0.027630971440542405
3.071428571428571,0.11000000000000001,0.3438323191819758,0.3361980752233606,0.34000354226446233,0.3400057265372216,19800,0.0019519594450459125,2.631977539683381,2.0780922470629086,2.3425651573133495,2.3420871221395076,19800,0.14557768069029453,10.107217857784915,7.89634317763277,9.116909223424116,9.224785236887737,19800,0.607851517073394,0.7314137611431611,0.6309461254792383,0.6821367194200282,0.6832412337521949,19800,0.0279666545017781
3.071428571428571,0.14,0.34376938677804203,0.33622062341077863,0.34000861204137134,0.3400090513011991,19800,0.0019309480307555479,2.6388190601328425,2.0799686475783687,2.3480668521773285,2.3470062357351056,19800,0.1457678308309548,10.108665701545428,7.899142643991293,9.12048771661096,9.226348112686017,19800,0.607760043277946,0.7270295616985039,0.6257213873177517,0.6769841517112545,0.6778493618216946,19800,0.02809649080651354
3.071428571428571,0.17000000000000004,0.34387470316861707,0.3361982901727366,0.3400115681082161,0.34001531422940634,19800,0.001947253227158339,2.642418874742981,2.084497633040263,2.352374745348357,2.3509932488251772,19800,0.14642821937828993,10.107276654472374,7.90526316629232,9.12100100622598,9.2254945047016,19800,0.607677809460714,0.7224851318924376,0.6203290677287513,0.6718904769073293,0.6725159442658266,19800,0.02850568353818722
3.071428571428571,0.2,0.3437720939807058,0.33622742438285985,0.34001465599993486,0.34002608341659,19800,0.0019218229036715476,2.653597567810873,2.090860184792629,2.3568250364338454,2.3553745543691176,19800,0.14668058384536184,10.114161028692411,7.906539434942511,9.118579505126803,9.230356696608649,19800,0.6121292159420646,0.7173427594240556,0.6141831274845767,0.6668072601299555,0.6679774031207132,19800,0.028706216903256046
3.5,0.05,0.3437634386616655,0.3362106703289702,0.33998183614165645,0.33998393188017106,19800,0.0019367192095034833,2.6396730419454117,2.075876252147175,2.34626000114896,2.3421135750920046,19800,0.1492727548618869,11.088803040005656,8.58420395221618,9.97553196637898,10.10971133684174,19800,0.6960076358568763,0.6640100440651054,0.5520453247393651,0.6093746948079315,0.6112926176519226,19800,0.0320893157059148
3.5,0.08000000000000002,0.34385331170165356,0.3362123484138187,0.34002141767717653,0.3400057914517822,19800,0.0019463519314867057,2.643889050923739,2.0807764411531817,2.3505299545220755,2.3454125492898403,19800,0.14835558380763328,11.09962445170382,8.610766613077974,9.979585649849438,10.107402312247789,19800,0.6917957688178356,0.6599235868907812,0.5456618601869404,0.6039799383818655,0.6054328078295027,19800,0.0323260923916452
3.5,0.11000000000000001,0.34380441948935675,0.33620800647423493,0.34000323129554816,0.339998060769382,19800,0.001938961963628335,2.6479459875657936,2.0853010620490515,2.3536009489424097,2.3492520673618826,19800,0.14907563670654317,11.088326626137118,8.60020873797375,9.975949160464028,10.108512497221438,19800,0.6946198936640368,0.6548239833710301,0.5402365778274891,0.5987406956752166,0.6007379050561532,19800,0.0329824895608654
3.5,0.14,0.3438431314601946,0.33617934808122923,0.33999529438387643,0.33997822539869516,19800,0.0019418938592496021,2.6536708813413488,2.0854555367204797,2.3563516372437356,2.3508221350761365,19800,0.14967987404564043,11.09698433382121,8.584950698847218,9.977519812943896,10.114968816876143,19800,0.6972592150685565,0.6494981535607581,0.5341928667896173,0.5930280951367498,0.5946871739706794,19800,0.0330705754619536
3.5,0.17000000000000004,0.34375785218678545,0.33613823977317625,0.3399814750814877,0.33999073724706796,19800,0.0019408914457979696,2.661648069281703,2.0894727622543003,2.361245864301317,2.355740036099873,19800,0.150445389271857,11.0882869678361,8.608999811201878,9.982286300672328,10.111492973518963,19800,0.6901004591982323,0.6446942236507905,0.5277963323316774,0.587585609820768,0.5892161012967547,19800,0.03360372875189216
3.5,0.2,0.34379264968922973,0.33613578781618275,0.3399746320356615,0.3399676400415118,19800,0.0019523047411015941,2.6646939595327286,2.0897767669075935,2.3634717827816494,2.3580158238896836,19800,0.1510948614739762,11.10050430206753,8.587293496488288,9.976766027999352,10.109197583603162,19800,0.694964072949684,0.6395226362744771,0.5222980848768679,0.5817433983996744,0.5834903920045356,19800,0.03388431385805474
