amplification,cyclin_throttle,leakage_ci_high,leakage_ci_low,leakage_hier_ci_high,leakage_hier_ci_low,leakage_hier_mean,leakage_hier_n_strata,leakage_mean,leakage_median,leakage_n,leakage_std,mutation_reduction_ci_high,mutation_reduction_ci_low,mutation_reduction_hier_ci_high,mutation_reduction_hier_ci_low,mutation_reduction_hier_mean,mutation_reduction_hier_n_strata,mutation_reduction_mean,mutation_reduction_median,mutation_reduction_n,mutation_reduction_std,pct_fucci_pass,pct_fucci_pass_ci_high,pct_fucci_pass_ci_low,pct_joint_mutation_viability,pct_joint_mutation_viability_ci_high,pct_joint_mutation_viability_ci_low,pct_mut_ge_2,pct_mut_ge_2_ci_high,pct_mut_ge_2_ci_low,pct_viability_ge_threshold,pct_viability_ge_threshold_ci_high,pct_viability_ge_threshold_ci_low,sphase_fold_ci_high,sphase_fold_ci_low,sphase_fold_hier_ci_high,sphase_fold_hier_ci_low,sphase_fold_hier_mean,sphase_fold_hier_n_strata,sphase_fold_mean,sphase_fold_median,sphase_fold_n,sphase_fold_std,viability_ci_high,viability_ci_low,viability_hier_ci_high,viability_hier_ci_low,viability_hier_mean,viability_hier_n_strata,viability_mean,viability_median,viability_n,viability_std
0.5,0.05,0.3467996711557748,0.3330886002384875,0.3402116199154405,0.33984042839278344,0.34003169424784485,9,0.3400316942478448,0.3399585472140956,1080,0.003448465950333798,1.462351144142615,1.3089430503133381,1.3785751376689148,1.376149272305188,1.3776474186733825,9,1.3776474186733825,1.3654868766770856,1080,0.04400670021738824,100.0,100.0,99.64557004260809,0.0,0.3544299573919178,0.0,0.0,0.3544299573919178,0.0,100.0,100.0,99.64557004260809,4.488044442690133,3.741566530980604,4.119301682707184,4.098754664041461,4.110012833557612,9,4.1100128335576125,4.106274016213727,1080,0.1957493111265381,0.9906593961688601,0.9298790237380582,0.9621910637789394,0.9603675044496531,0.961321756836575,9,0.9613217568365751,0.9618716481813743,1080,0.015804647141499494
0.5,0.08000000000000002,0.3462376018143416,0.3335508252228938,0.34010041139727026,0.3397258210872939,0.3399311323621481,9,0.3399311323621481,0.33983965460082866,1080,0.0032813566406337115,1.4705300629189932,1.319076576998936,1.384860905028975,1.3821194297298363,1.3835186359050575,9,1.3835186359050575,1.37188519198379,1080,0.044457484967026735,100.0,100.0,99.64557004260809,0.0,0.3544299573919178,0.0,0.0,0.3544299573919178,0.0,100.0,100.0,99.64557004260809,4.513749426405928,3.7924437987170885,4.1268364722993605,4.107232273818788,4.117151236337332,9,4.117151236337331,4.105654877935614,1080,0.18578083874905613,0.991639876906247,0.9290504860508019,0.9601017662047414,0.9583496715862719,0.9592536637722995,9,0.9592536637722996,0.9592471904357488,1080,0.01581153161932762
0.5,0.11000000000000001,0.3471856481551675,0.3335412878733927,0.34021928140283725,0.33986199370286163,0.34003467328850273,9,0.3400346732885028,0.3398733641171454,1080,0.0034443549412379727,1.4805927147129165,1.324603115176803,1.3926091820550566,1.3900401006050058,1.3911943251190604,9,1.3911943251190604,1.3784973400963154,1080,0.04519649234862495,100.0,100.0,99.64557004260809,0.0,0.3544299573919178,0.0,0.0,0.3544299573919178,0.0,100.0,100.0,99.64557004260809,4.475080043151349,3.7306744853258254,4.108168759229191,4.0890070333050845,4.098896452668517,9,4.098896452668517,4.097065316352872,1080,0.19179961761805853,0.989622986902684,0.9267870120731181,0.9600851264651424,0.9583099405090102,0.9592416125201976,9,0.9592416125201975,0.9590866442595676,1080,0.01574949922699895
0.5,0.14,0.3470625249485866,0.3332981270156686,0.3402040621282999,0.33981371801417337,0.34000940074814046,9,0.3400094007481405,0.3400111295849062,1080,0.0034128632850008744,1.4895556727119827,1.3267517198381795,1.3987879758143444,1.3961258002162646,1.397371027312674,9,1.3973710273126738,1.3860066150460257,1080,0.046983117778880985,100.0,100.0,99.64557004260809,0.0,0.3544299573919178,0.0,0.0,0.3544299573919178,0.0,100.0,100.0,99.64557004260809,4.505120684001499,3.7558231803894158,4.11734055567247,4.0974548110893725,4.107410381261776,9,4.107410381261776,4.097437520273079,1080,0.19357358586319523,0.9874113182779026,0.9276149063681963,0.9593824686263842,0.9576901265766733,0.9585878434675374,9,0.9585878434675374,0.9587340315644416,1080,0.015264985632973667
0.5,0.17000000000000004,0.34654341540643985,0.3334077222928932,0.34024105112553815,0.3398196050337427,0.34001259304775666,9,0.3400125930477566,0.34008697017407885,1080,0.0034219660030481167,1.4964097757997576,1.331490059265878,1.4049355906864203,1.4022191205327292,1.4036559274727658,9,1.4036559274727656,1.391515485663048,1080,0.047588679154707415,100.0,100.0,99.64557004260809,0.0,0.3544299573919178,0.0,0.0,0.3544299573919178,0.0,100.0,100.0,99.64557004260809,4.4974418645110115,3.762429328076671,4.132440864720375,4.112456023770378,4.121578875848441,9,4.121578875848441,4.119287648516232,1080,0.19124533053022272,0.9852107100149141,0.9259536827063816,0.9572550471448751,0.9557158829160031,0.9564426238182864,9,0.9564426238182865,0.9566269401465608,1080,0.015042202951162069
0.5,0.2,0.34646965682431996,0.33401260420382073,0.34026273389376305,0.3398786313383352,0.3400860276727292,9,0.3400860276727293,0.3400208693430489,1080,0.0033074702655500107,1.4969992513373143,1.3432225110314044,1.4115518999999557,1.4089523391927092,1.4103071468795918,9,1.410307146879592,1.3965143726738667,1080,0.04636469776330865,100.0,100.0,99.64557004260809,0.0,0.3544299573919178,0.0,0.0,0.3544299573919178,0.0,100.0,100.0,99.64557004260809,4.553734007220951,3.747977667551913,4.114076077503237,4.095127494324699,4.103772209377555,9,4.103772209377555,4.09138196189441,1080,0.19483755676990716,0.9863280649380035,0.9220832109376723,0.9547466200745465,0.9529527048363614,0.9538815484431239,9,0.9538815484431241,0.9544126852951468,1080,0.016137703342043733
0.7142857142857143,0.185,0.3468145904016837,0.3333957935954034,0.3401712247751996,0.33981749164258296,0.33998898094902114,9,0.33998898094902125,0.33996261711088516,1080,0.0034275369576565315,1.6823127685802615,1.4742078496427955,1.5647302670289505,1.561218060251128,1.5628200241802652,9,1.5628200241802654,1.5430817908449272,1080,0.06166591068031796,100.0,100.0,99.64557004260809,0.0,0.3544299573919178,0.0,0.0,0.3544299573919178,0.0,100.0,100.0,99.64557004260809,5.078604393022094,4.208631009811576,4.627294172520593,4.603939861532127,4.617248159313606,9,4.617248159313604,4.609182556374836,1080,0.22199555859569334,0.9774225923930984,0.9154520206260738,0.9469141353317475,0.9453976468129776,0.9461542247102683,9,0.9461542247102683,0.9466176286960943,1080,0.016261218648446058
0.7142857142857143,0.2,0.3466459691631976,0.3337307799175338,0.3402324615752589,0.3398848649766162,0.3400309491941388,9,0.34003094919413873,0.3399369775336665,1080,0.0033167644660908294,1.6858990795001811,1.4753758717528833,1.5668371421201523,1.5642266106149418,1.5657026960812452,9,1.5657026960812452,1.5437005436849751,1080,0.06273714377453604,100.0,100.0,99.64557004260809,0.0,0.3544299573919178,0.0,0.0,0.3544299573919178,0.0,100.0,100.0,99.64557004260809,5.056475552532092,4.216622983078944,4.615214670266005,4.59190483628966,4.604513178334594,9,4.604513178334594,4.5963724958265955,1080,0.21470653433590167,0.9757638397008616,0.912922693363578,0.9456428999152849,0.9438854492532827,0.9447773625088001,9,0.9447773625088002,0.9449329368913845,1080,0.015961922829706075
0.9285714285714286,0.05,0.3464167181551727,0.3334216171727088,0.3402042660674709,0.3397810977801436,0.3399923396536585,9,0.3399923396536586,0.3399421566476106,1080,0.0033902008895032552,1.8157489885514164,1.5663418203326192,1.6776256994238685,1.6740732397156832,1.6758571004265344,9,1.6758571004265346,1.6507300058590815,1080,0.07367746074912046,100.0,100.0,99.64557004260809,0.0,0.3544299573919178,0.0,0.0,0.3544299573919178,0.0,100.0,100.0,99.64557004260809,5.627472941741626,4.6246675863754145,5.127135704513885,5.102125252614992,5.115034940513097,9,5.115034940513097,5.120318712220205,1080,0.26297313870328964,0.9742035128967417,0.9113353636429995,0.9436617524756332,0.9419666579066063,0.9428075809345948,9,0.9428075809345949,0.9430228686192501,1080,0.016237048716269294
0.9285714285714286,0.08000000000000002,0.34650816921221883,0.3334712299648154,0.34007913971690934,0.3396772489222088,0.33985571245138274,9,0.33985571245138274,0.33985923584682365,1080,0.0034154309653028976,1.8225950454382887,1.5783397403299508,1.6844232177172176,1.6812278051394716,1.6828212702454906,9,1.6828212702454906,1.6572718900168526,1080,0.07334534894256778,100.0,100.0,99.64557004260809,0.0,0.3544299573919178,0.0,0.0,0.3544299573919178,0.0,100.0,100.0,99.64557004260809,5.649325836549016,4.647040603771954,5.146674560965543,5.121143462748535,5.132471349937125,9,5.132471349937126,5.122251595372026,1080,0.26207548407796233,0.9722922171895474,0.910723568781495,0.9420377553212055,0.9405052450917681,0.9412355366455287,9,0.9412355366455288,0.9405645294124736,1080,0.015778526476095758
0.9285714285714286,0.11000000000000001,0.34624059085354636,0.3331507520705873,0.3401228639220053,0.3397436539387813,0.33992943214264076,9,0.33992943214264076,0.3400039831008742,1080,0.00335930620264382,1.8359931976830601,1.5839081234121581,1.6936560303759514,1.6902323107343136,1.6918172291260942,9,1.691817229126094,1.6654866996132272,1080,0.07535271033791181,100.0,100.0,99.64557004260809,0.0,0.3544299573919178,0.0,0.0,0.3544299573919178,0.0,100.0,100.0,99.64557004260809,5.626865734596646,4.636908643387289,5.12310090822822,5.098323721678327,5.109459448360551,9,5.109459448360551,5.11228527881848,1080,0.2478354894201947,0.9695302765038308,0.9069485869976982,0.9399895624757357,0.938163807277894,0.9389929964923408,9,0.9389929964923407,0.9392005731004343,1080,0.015698641043625595
0.9285714285714286,0.14,0.3464701259202231,0.33311905442482737,0.34012123690194046,0.33974076010482634,0.3399358408289889,9,0.3399358408289889,0.33999950199829376,1080,0.003358107872972447,1.8397740846222226,1.5944793668226156,1.7012944562254708,1.6986161615553768,1.6998717083034214,9,1.6998717083034212,1.673215650281278,1080,0.07480921244299303,100.0,100.0,99.64557004260809,0.0,0.3544299573919178,0.0,0.0,0.3544299573919178,0.0,100.0,100.0,99.64557004260809,5.644939801489463,4.598046980149117,5.125923093649119,5.101940641288926,5.1140330381764,9,5.114033038176401,5.111366652465476,1080,0.25706756417536086,0.9668273942132596,0.906191540000257,0.9386560791626072,0.936749778043877,0.9375988236182065,9,0.9375988236182065,0.9374784031324883,1080,0.016061706434058656
0.9285714285714286,0.17000000000000004,0.34674823741084404,0.33371037221627303,0.3403433503317087,0.3399252654772941,0.3401490329199614,9,0.34014903291996135,0.3401411992050354,1080,0.003274977239704032,1.8541413611953634,1.5975140057261294,1.7083353247242907,1.704451892756574,1.7063579868721277,9,1.7063579868721277,1.6784028801890514,1080,0.07752493903311984,100.0,100.0,99.64557004260809,0.0,0.3544299573919178,0.0,0.0,0.3544299573919178,0.0,100.0,100.0,99.64557004260809,5.633138028094141,4.625671021334704,5.116123810915493,5.087888664887046,5.102002653529684,9,5.102002653529683,5.089927845793278,1080,0.2640812682614558,0.9683483639609199,0.9024179708413899,0.9359069933559233,0.9338517735751902,0.9348896075788544,9,0.9348896075788543,0.9354273226493375,1080,0.0165694330642785
0.9285714285714286,0.185,0.34637893899496924,0.3335560947989895,0.3402320624025026,0.3398664551751596,0.3400618470515678,9,0.34006184705156783,0.340039080102661,1080,0.003320995357718441,1.8542556677555961,1.606703366374183,1.7116856710522772,1.7086937439787901,1.7102559486277795,9,1.7102559486277793,1.6819285549956353,1080,0.0768239215898304,100.0,100.0,99.64557004260809,0.0,0.3544299573919178,0.0,0.0,0.3544299573919178,0.0,100.0,100.0,99.64557004260809,5.648728566754435,4.614299757456406,5.1332552901852875,5.105843682838732,5.118889993838182,9,5.118889993838182,5.119340923872182,1080,0.25898620563373387,0.9683949173133324,0.9007481632029145,0.9357323668143086,0.9340289350970805,0.9348383957950256,9,0.9348383957950256,0.9348175775279548,1080,0.016986506665530695
0.9285714285714286,0.2,0.3465046386867493,0.33377707010905144,0.3402375615821389,0.3398698790231221,0.3400478654546544,9,0.3400478654546544,0.34005312216181877,1080,0.003331722265431589,1.8585629712810967,1.6081673910664354,1.7173263893903647,1.713799331316864,1.7155872284248483,9,1.7155872284248483,1.688897961898085,1080,0.07810721213770881,100.0,100.0,99.64557004260809,0.0,0.3544299573919178,0.0,0.0,0.3544299573919178,0.0,100.0,100.0,99.64557004260809,5.633073842562135,4.630279901910333,5.1214929359046275,5.09126558594598,5.108184252525486,9,5.108184252525486,5.102755930327093,1080,0.25520152525325573,0.9637139043475575,0.9030799098819318,0.9337853959082998,0.9321161275632384,0.9329579888598248,9,0.932957988859825,0.9335645060240202,1080,0.015587789998679106
1.1428571428571428,0.185,0.3469678975545665,0.3336094349492297,0.34008859328976904,0.3397263884946486,0.33991240816825913,9,0.3399124081682592,0.33976570379873555,1080,0.0033853125296632847,2.0145024571450834,1.7245469422798492,1.8530355632409827,1.8492360845949418,1.8510312354556306,9,1.8510312354556306,1.819419853759699,1080,0.08996329106927381,100.0,100.0,99.64557004260809,6.111111111111111,7.701167805702013,4.832165156897561,6.111111111111111,7.701167805702013,4.832165156897561,100.0,100.0,99.64557004260809,6.145657490799425,5.054612396153583,5.617401119012683,5.5874926878007045,5.602360539187493,9,5.602360539187494,5.598358476126196,1080,0.2830846439326861,0.9504144919154781,0.8856155219047523,0.9200428065899682,0.9184280856170167,0.9193017723193224,9,0.9193017723193224,0.9200414130950744,1080,0.016545193225934493
1.1428571428571428,0.2,0.3463239564819292,0.33321353114242475,0.34011318804601565,0.33976855635122427,0.33994605187796506,9,0.339946051877965,0.33999204795245574,1080,0.0033193179864774774,2.0304282600902916,1.7299131012227966,1.8570728105108185,1.8525577299035902,1.8547671436709696,9,1.8547671436709694,1.821931827304602,1080,0.09105594814250485,100.0,100.0,99.64557004260809,8.24074074074074,10.032517773987902,6.7449783570931245,8.24074074074074,10.032517773987902,6.7449783570931245,100.0,100.0,99.64557004260809,6.2241311992444865,5.068741805168762,5.635714058540895,5.600273279533105,5.61942846708941,9,5.61942846708941,5.616783991566936,1080,0.29271317494918075,0.9542435280739593,0.8857528092482324,0.9199344175985503,0.9180974548248712,0.9190026034117259,9,0.9190026034117259,0.9191958844349292,1080,0.017184698192230986
1.142857142857143,0.06500000000000002,0.3458980155479259,0.33338178286034575,0.3401183559471747,0.3397532984651534,0.33993460873019044,9,0.3399346087301905,0.340061269732272,1080,0.0032794134927980924,1.9816523706719633,1.6913260958897223,1.8213702669504555,1.8175918519599454,1.8194456201916367,9,1.8194456201916365,1.7897985455944179,1080,0.08616126881956544,100.0,100.0,99.64557004260809,0.6481481481481481,1.3318196600154306,0.3143121312621477,0.6481481481481481,1.3318196600154306,0.3143121312621477,100.0,100.0,99.64557004260809,6.221735574354021,5.050474801342739,5.629742702091188,5.597478941927469,5.615314260241668,9,5.615314260241667,5.620021856029709,1080,0.29537295672036257,0.9632359679259503,0.8950750194401246,0.930108528154701,0.9284447205864585,0.9292647802449502,9,0.9292647802449502,0.9292857321501282,1080,0.01711942484142938
1.142857142857143,0.08000000000000002,0.3468987639353247,0.33368062687049505,0.3402289454383929,0.33986326465678496,0.34003382180674,9,0.3400338218067401,0.33990893185917515,1080,0.0034178673625807586,1.9847497872874824,1.6999454664965368,1.825189469183244,1.8211380640123678,1.82310757175768,9,1.8231075717576801,1.7898321530834207,1080,0.08790977580665783,100.0,100.0,99.64557004260809,1.2962962962962963,2.1641062105875357,0.7737274145757026,1.2962962962962963,2.1641062105875357,0.7737274145757026,100.0,100.0,99.64557004260809,6.217036835835985,5.068599868998954,5.62755917869352,5.593782819628677,5.608623041924649,9,5.608623041924649,5.604741408973521,1080,0.297014926367493,0.9604705635955838,0.8924317639447167,0.9289017231538026,0.9272808503637785,0.9279988080418003,9,0.9279988080418003,0.9284722098711378,1080,0.016912211564263372
1.142857142857143,0.09500000000000001,0.34645134073614775,0.33371490215862326,0.34040889654882,0.3400051704156028,0.3401871903973638,9,0.3401871903973638,0.34028480079562445,1080,0.003268555536276441,2.0023072736642376,1.705559691545991,1.8307754975648978,1.8264734814143087,1.82877146293086,9,1.8287714629308602,1.7975488152556351,1080,0.08908217579075987,100.0,100.0,99.64557004260809,2.5925925925925926,3.7215047471485074,1.7997325457860525,2.5925925925925926,3.7215047471485074,1.7997325457860525,100.0,100.0,99.64557004260809,6.1620303602702675,5.050420291806313,5.6133288688839045,5.584033358022327,5.598616023502283,9,5.598616023502283,5.599243910169456,1080,0.2877127027691751,0.9581767862768922,0.8911142780720674,0.9269446176523993,0.9253516959165108,0.9261039112702252,9,0.9261039112702252,0.9264607025066744,1080,0.016729922519877535
1.142857142857143,0.11000000000000001,0.3466635629985066,0.33344761320585786,0.3399518550663309,0.33955666232651455,0.33975721318307145,9,0.33975721318307145,0.33982636109410913,1080,0.0033166225699744513,1.9972295141480303,1.700767166940982,1.8326534597931081,1.8290591935245255,1.830959582406676,9,1.830959582406676,1.801863339827233,1080,0.08863855647278175,100.0,100.0,99.64557004260809,2.037037037037037,3.0650403896720264,1.3490239027891104,2.037037037037037,3.0650403896720264,1.3490239027891104,100.0,100.0,99.64557004260809,6.220375549801433,5.06256807817245,5.6359480433671765,5.604425959044848,5.620668749206835,9,5.6206687492068355,5.612311030910734,1080,0.2959173132036407,0.9570234594711762,0.8944656668639118,0.9267510471645766,0.9249689272780357,0.9259155616064613,9,0.9259155616064614,0.9259338771087479,1080,0.01605986687035252
1.142857142857143,0.12500000000000003,0.34630768956364155,0.3337702690115709,0.3403211137607613,0.3399585420916426,0.34013392843495494,9,0.34013392843495494,0.34013145549287815,1080,0.003299832894348978,2.002908998650072,1.7100711632977945,1.8395965374588639,1.835745482416683,1.837610848709644,9,1.8376108487096443,1.8073325696511908,1080,0.08895481351284655,100.0,100.0,99.64557004260809,3.240740740740741,4.473642460148259,2.3392966666719603,3.240740740740741,4.473642460148259,2.3392966666719603,100.0,100.0,99.64557004260809,6.20004974488508,5.0536392197699875,5.62064720813274,5.589621722164551,5.605093712873049,9,5.60509371287305,5.600604815123943,1080,0.29159115735884045,0.9556178766906196,0.8909175479885183,0.9252261061405631,0.923431324094772,0.9242698246402019,9,0.924269824640202,0.9242609916074427,1080,0.016518898534940627
1.142857142857143,0.14,0.34663322716702216,0.33341213312850027,0.3401671940170958,0.33980283646948367,0.33999135589311835,9,0.33999135589311835,0.34000147766720107,1080,0.003410370970617854,2.006521325027229,1.7076801412375278,1.8404370869668671,1.836689160298944,1.838444149604464,9,1.838444149604464,1.8050527703778894,1080,0.09138097316119433,100.0,100.0,99.64557004260809,3.7037037037037037,5.004017746431354,2.731565547450051,3.7037037037037037,5.004017746431354,2.731565547450051,100.0,100.0,99.64557004260809,6.206138269258757,5.05691950461239,5.6159386062022225,5.58712942797641,5.600957168455384,9,5.600957168455383,5.592881544392231,1080,0.29129182485765237,0.9577618932800421,0.891085560870849,0.9239417553376955,0.9222905606745977,0.9231321528727913,9,0.9231321528727914,0.9224355387552048,1080,0.01633780730599407
1.142857142857143,0.15500000000000003,0.34641135177989535,0.33346687510847184,0.3401026371943613,0.33972078870844336,0.3399311942097811,9,0.339931194209781,0.34000640673976795,1080,0.003331339974386616,2.016225212483089,1.7194996903079578,1.8461422695373237,1.842181062243462,1.844069104686462,9,1.844069104686462,1.8117924526752367,1080,0.09001328803673325,100.0,100.0,99.64557004260809,5.092592592592593,6.5702347972295225,3.93328099783544,5.092592592592593,6.5702347972295225,3.93328099783544,100.0,100.0,99.64557004260809,6.163268894180085,5.0367494776867945,5.6210005167478725,5.593487171599318,5.608627623566488,9,5.608627623566487,5.609735438594193,1080,0.290521484599107,0.9528386217495637,0.890848902210936,0.9228135089179674,0.9210146869511716,0.9217899443177241,9,0.9217899443177241,0.9211328719427563,1080,0.01619980069492059
1.142857142857143,0.17000000000000004,0.34659873576942984,0.33343874650492866,0.3402002728586994,0.33984986950463447,0.34004025134128524,9,0.3400402513412852,0.34004116631772163,1080,0.0033923051472223463,2.00999272763936,1.7216746744605185,1.8492654100499064,1.845043950618405,1.8472022267443446,9,1.8472022267443449,1.8165548210402958,1080,0.08816133747566562,100.0,100.0,99.64557004260809,4.62962962962963,6.051693686490641,3.5291779415131357,4.62962962962963,6.051693686490641,3.5291779415131357,100.0,100.0,99.64557004260809,6.190263618356677,5.055194685277357,5.62160378059935,5.5924687227447345,5.606503627775907,9,5.606503627775908,5.6007446734701185,1080,0.2906202102939442,0.9537572736712737,0.8870469798865996,0.921178067220066,0.9195021279068377,0.9203157973363219,9,0.9203157973363219,0.9202203693994809,1080,0.017093241548887576
1.3571428571428572,0.05,0.3465333732619849,0.3335284781139347,0.34026942288815765,0.33988764043874115,0.3400575255919047,9,0.34005752559190483,0.34007289517959205,1080,0.0033896920522092106,2.128683279258083,1.80934780756225,1.948421616433954,1.9445525808522117,1.946575375357179,9,1.9465753753571797,1.9099698504819456,1080,0.09891553343505072,100.0,100.0,99.64557004260809,32.592592592592595,35.44544882484556,29.863130493653863,32.592592592592595,35.44544882484556,29.863130493653863,100.0,100.0,99.64557004260809,6.758008658674142,5.46079032414806,6.100771385390997,6.0686057067573955,6.08772406890295,9,6.08772406890295,6.091080348890438,1080,0.33203627903631583,0.946681259685274,0.8790868007790201,0.9147219445985604,0.9129543031192886,0.9137938203932772,9,0.9137938203932771,0.9141075992164123,1080,0.016986862691296418
1.3571428571428572,0.06500000000000002,0.34633099146700136,0.3334579059044524,0.34020568739845103,0.3398095900456936,0.33999580860487494,9,0.33999580860487505,0.339917880453058,1080,0.003385500127688323,2.1341381154173504,1.8161087708687687,1.9547709056424014,1.9507834445057373,1.9529831200216792,9,1.9529831200216794,1.9201995741461269,1080,0.09713599998137738,100.0,100.0,99.64557004260809,32.407407407407405,35.25681636823206,29.68270528344289,32.407407407407405,35.25681636823206,29.68270528344289,100.0,100.0,99.64557004260809,6.781389039258925,5.478702203441718,6.113431900027749,6.0821633718540244,6.098685826275706,9,6.098685826275705,6.080264809774259,1080,0.3283853132539945,0.9447017924258102,0.8799352756149823,0.9125009968503924,0.9109482127024131,0.9116738236304683,9,0.9116738236304684,0.9116940711868151,1080,0.016567551734228705
1.3571428571428572,0.08000000000000002,0.34686621475621465,0.3335643990594486,0.34038047447959563,0.3399791821306944,0.3401744335540005,9,0.3401744335540005,0.340118549770681,1080,0.003378795414758898,2.137572430960348,1.8149610898240676,1.9578244101990705,1.9537838074647491,1.9558156187550582,9,1.9558156187550582,1.923372039216053,1080,0.09837627648711705,100.0,100.0,99.64557004260809,32.68518518518518,35.53974653199393,29.95336161991772,32.68518518518518,35.53974653199393,29.95336161991772,100.0,100.0,99.64557004260809,6.778699327123311,5.462972272044042,6.1226636558521195,6.0900353349607785,6.106190189711325,9,6.106190189711325,6.10197387687945,1080,0.33391841904745967,0.9426626448891418,0.8758465616549566,0.9117280273574553,0.9099757439397169,0.910929517117937,9,0.910929517117937,0.9114016269579628,1080,0.016777660551572537
1.3571428571428572,0.09500000000000001,0.3463521646464193,0.3336567069626343,0.34027948144209663,0.3398156298941621,0.3400168749831687,9,0.3400168749831686,0.3399454094650194,1080,0.0032980116977526603,2.14207877193388,1.8230679765110949,1.9610150278544074,1.9575052443117633,1.9590355417587735,9,1.9590355417587733,1.923808598276598,1080,0.09834205388366513,100.0,100.0,99.64557004260809,32.96296296296296,35.82256589119599,30.224128760952368,32.96296296296296,35.82256589119599,30.224128760952368,100.0,100.0,99.64557004260809,6.732284999261021,5.484073538815544,6.118747524165119,6.084482724008326,6.102274537470523,9,6.102274537470523,6.105595067214015,1080,0.3167512099768174,0.9449835861777957,0.8770323404925197,0.9115650852937629,0.9097702926275386,0.9107462600589832,9,0.9107462600589831,0.9109299587223004,1080,0.017382921490407342
1.3571428571428572,0.11000000000000001,0.3466911928780088,0.33332460395056707,0.3402567853198441,0.33984572904665716,0.34003026923957985,9,0.34003026923957985,0.33997607781980194,1080,0.0034343713797197048,2.1524535163133867,1.8224202074128935,1.9657553721980923,1.9619137611254887,1.9636402426946087,9,1.9636402426946087,1.9317207210896115,1080,0.10122207947145082,100.0,100.0,99.64557004260809,33.333333333333336,36.1994872389933,30.58532274680401,33.333333333333336,36.1994872389933,30.58532274680401,100.0,100.0,99.64557004260809,6.747844000826325,5.51761423055875,6.123782299529544,6.0875296033428805,6.106710309362181,9,6.106710309362181,6.105468832823359,1080,0.32142527227002676,0.9410304434036175,0.8753194664552961,0.9092645937124658,0.9075857721828862,0.908427818507174,9,0.9084278185071738,0.9086000586790886,1080,0.016885366052342823
1.3571428571428572,0.12500000000000003,0.3469666288395237,0.3339085376497186,0.34022321626496416,0.33980106600650717,0.3400105642957298,9,0.3400105642957298,0.3398551278748619,1080,0.0032668656992611103,2.1598057340769707,1.8238874783696328,1.972139436589273,1.9683601496297596,1.9700418260569945,9,1.9700418260569943,1.935670407473141,1080,0.10150156725649116,100.0,100.0,99.64557004260809,33.98148148148148,36.858633550947474,31.2178782687355,33.98148148148148,36.858633550947474,31.2178782687355,100.0,100.0,99.64557004260809,6.717621926574348,5.48866526351317,6.124320122972613,6.094036495284537,6.110004497275768,9,6.110004497275768,6.101655657916529,1080,0.3107657562789842,0.9424472767200172,0.8732315435248041,0.9083574832447214,0.9067869519797215,0.9075777674156197,9,0.9075777674156196,0.9076104754311765,1080,0.016935456409320548
1.3571428571428572,0.14,0.3463923611632142,0.3336248579087219,0.34013118926539254,0.339734154630889,0.33995521943431906,9,0.33995521943431906,0.3398184155990168,1080,0.0033261097122757022,2.1565418627525146,1.833136630943396,1.9752537950667775,1.9712350782213481,1.9733855761276102,9,1.97338557612761,1.938198931966857,1080,0.09990813727960687,100.0,100.0,99.64557004260809,33.7962962962963,36.670366187951664,31.03708796490684,33.7962962962963,36.670366187951664,31.03708796490684,99.9074074074074,99.98365326349324,99.47738794570263,6.749613022837549,5.493934041148916,6.128481311873632,6.09676515469402,6.11074754847931,9,6.11074754847931,6.11123199045867,1080,0.3281965297819944,0.9409398773755283,0.8730112393201165,0.9080473729100835,0.9063550701536143,0.9071140173769121,9,0.9071140173769121,0.9073362860607039,1080,0.01743773516623341
1.3571428571428572,0.15500000000000003,0.346421422864544,0.33384676680140735,0.34037886252292415,0.3400252729254932,0.34018081136694667,9,0.34018081136694667,0.3402042048064663,1080,0.0032715775429023094,2.162465146737268,1.8360018172069301,1.9784276750514307,1.973719799457714,1.976196778624389,9,1.9761967786243888,1.940937045519301,1080,0.10085306364600763,100.0,100.0,99.64557004260809,33.98148148148148,36.858633550947474,31.2178782687355,33.98148148148148,36.858633550947474,31.2178782687355,99.9074074074074,99.98365326349324,99.47738794570263,6.715069803363029,5.486333948939906,6.120808326665426,6.088168259210916,6.101174317360967,9,6.101174317360968,6.095254058333518,1080,0.3181963478577669,0.9387973063890467,0.8703180227370407,0.9062282547083624,0.9042009494237546,0.9051642973059444,9,0.9051642973059444,0.9047519543900995,1080,0.017795960179846505
1.3571428571428572,0.17000000000000004,0.34674704738278955,0.33341734590208,0.3402514605431734,0.33986723698808774,0.34006080461103394,9,0.34006080461103394,0.3400149855392386,1080,0.0034068265841501067,2.173586115187518,1.8322391760371883,1.979622450894534,1.9754718243004727,1.977601726617725,9,1.9776017266177248,1.9378686337777258,1080,0.10294018659082119,100.0,100.0,99.64557004260809,33.7962962962963,36.670366187951664,31.03708796490684,33.7962962962963,36.670366187951664,31.03708796490684,100.0,100.0,99.64557004260809,6.8540587881375,5.4642015024347765,6.129137911623306,6.099355152005849,6.112771508548625,9,6.112771508548625,6.113806803465771,1080,0.3347519815111431,0.937924972595212,0.8703645472729354,0.9043009315226274,0.9025711066032656,0.9035408937607178,9,0.9035408937607177,0.9028544892029383,1080,0.016975083206354876
1.3571428571428572,0.18500000000000005,0.3468360222703534,0.3339921604975918,0.3403804061811787,0.34000564158923696,0.34021515284420123,9,0.3402151528442012,0.3401931358343429,1080,0.0033347393147684225,2.1832637129906747,1.8347800721437701,1.987134029051558,1.9830475485916663,1.9850277965529817,9,1.9850277965529821,1.9476868268167147,1080,0.10338024809149592,100.0,100.0,99.64557004260809,34.44444444444444,37.32909308605079,31.670062900693374,34.44444444444444,37.32909308605079,31.670062900693374,100.0,100.0,99.64557004260809,6.750530746365632,5.523227825080328,6.117501409968257,6.087847361555528,6.102504174683945,9,6.102504174683945,6.087265102111768,1080,0.32689906391028256,0.9386371909616376,0.8698843524039075,0.9033478479765316,0.9017508655264358,0.9026119068957527,9,0.9026119068957527,0.9024063267364979,1080,0.016921218563195225
1.3571428571428572,0.2,0.34697113254274825,0.33334410194590075,0.34011064572871136,0.33968496620240096,0.33989618549647044,9,0.3398961854964705,0.33998646347632866,1080,0.003452981007546393,2.1833700308606097,1.8479021752148053,1.9917955495193647,1.9877649299160343,1.9896258061011756,9,1.9896258061011756,1.9507535096293662,1080,0.10277560321772186,100.0,100.0,99.64557004260809,35.46296296296296,38.36306568435251,32.66590746992626,35.46296296296296,38.36306568435251,32.66590746992626,99.72222222222223,99.90548649702926,99.18649704534212,6.753760021080275,5.459071707973144,6.127655471603491,6.089605896179298,6.110989950376281,9,6.110989950376281,6.106641023078301,1080,0.33062193332186335,0.9325149074466279,0.870078030778733,0.9017513344150447,0.8999492943884484,0.9009621781660923,9,0.9009621781660923,0.9012250622286558,1080,0.01638383367276307
1.5714285714285714,0.06500000000000002,0.3469291072332893,0.33368261397435334,0.340164106925262,0.33974526460257526,0.339955611932235,9,0.339955611932235,0.3398176383513877,1080,0.003350642729355555,2.277334987863169,1.9093844850189994,2.072880213064855,2.0685693722241107,2.070980046741105,9,2.0709800467411053,2.03544173835855,1080,0.11032837127984918,100.0,100.0,99.64557004260809,67.87037037037037,70.5878395148744,65.02622533368736,68.05555555555556,70.76814037680049,65.21498213858578,99.35185185185185,99.68568786873786,98.66818033998457,7.291960578260567,5.906191242362904,6.609186801969198,6.574076513380351,6.594283728224574,9,6.594283728224574,6.599986890540451,1080,0.35792470701927415,0.9292337728369366,0.860573329740591,0.8958787411318273,0.8939593274896747,0.8948835961130853,9,0.8948835961130854,0.8952089318646419,1080,0.017479133151169376
1.5714285714285714,0.08000000000000002,0.34622153504093883,0.33346000783588997,0.34010267957985263,0.33974230019314705,0.3398969229807807,9,0.3398969229807807,0.3399044468489749,1080,0.0033572533206406925,2.2883937907837675,1.921247528117162,2.080884648644349,2.0763761816325452,2.078563482435917,9,2.0785634824359165,2.040283590196693,1080,0.10978737411227626,100.0,100.0,99.64557004260809,72.87037037037037,75.43760472863426,70.14101712418834,72.96296296296296,75.52703786965317,70.23611281658165,99.72222222222223,99.90548649702926,99.18649704534212,7.3510232080729,5.898969735469583,6.629381434302037,6.590203662196469,6.610877640575846,9,6.610877640575845,6.61098119829812,1080,0.36447663747734615,0.9270612295981877,0.8610524142138002,0.8945060876500004,0.8929033260362749,0.8935851732255694,9,0.8935851732255695,0.8931318576349596,1080,0.01696975932148467
1.5714285714285714,0.09500000000000001,0.346547922274157,0.33335632358497286,0.3402548795576008,0.33985778582131443,0.34002316663011095,9,0.34002316663011095,0.34000795548558915,1080,0.0033746960256409203,2.29359648304661,1.9238601543715192,2.0839227002518417,2.0790478025075467,2.0814087349620976,9,2.0814087349620976,2.0440945335963727,1080,0.11098463598655715,100.0,100.0,99.64557004260809,72.5925925925926,75.16921881984942,69.85581653273647,72.68518518518519,75.25869515795186,69.95086902804624,99.44444444444444,99.74514257862359,98.79325446351108,7.277837287651758,5.870761154340377,6.60515934874737,6.569844059328016,6.586647697480793,9,6.586647697480794,6.572717360155508,1080,0.3654959674631775,0.925936516566778,0.857408596401389,0.8920967187609565,0.8905223630052269,0.8913234680311278,9,0.8913234680311278,0.8913283405399492,1080,0.017552108386956138
1.5714285714285714,0.11000000000000001,0.34728671386578785,0.33375206360534104,0.3403081996871531,0.33989619159126905,0.3400865495233705,9,0.34008654952337053,0.34016603330961304,1080,0.003452702859156608,2.3029853616527167,1.9285073558547083,2.0885916915468603,2.083850542236076,2.0862403691123244,9,2.086240369112324,2.049309933441839,1080,0.11097485624542161,100.0,100.0,99.64557004260809,75.46296296296296,77.93609182571598,72.80933736264927,76.01851851851852,78.46989937863216,73.3827028102065,99.07407407407408,99.49628679763201,98.3039949108537,7.288183583948134,5.879624381135304,6.614987362476691,6.581799843522649,6.596666333284163,9,6.596666333284163,6.596363926182842,1080,0.3698517798695329,0.9256946375021939,0.854572500476714,0.8904542825175783,0.8889398895591766,0.889860660227117,9,0.8898606602271169,0.8893292101430543,1080,0.018062848089161455
1.5714285714285714,0.12500000000000003,0.3464466953744257,0.3336053973984224,0.34016920589388244,0.339804987517759,0.3399950614941828,9,0.3399950614941828,0.3399724707634193,1080,0.0033099159855936966,2.295887222938394,1.9287645766542594,2.0928560618990586,2.087632162216029,2.089993048187281,9,2.089993048187281,2.0526880167158215,1080,0.11182567570489355,100.0,100.0,99.64557004260809,75.83333333333333,78.29202806445154,73.19151645756263,76.48148148148148,78.91429121888554,73.86095513701432,98.79629629629629,99.29521407720523,97.95148113104378,7.290062074747781,5.917308174152306,6.625103928939477,6.588627427480983,6.608660299070738,9,6.6086602990707375,6.606656041373274,1080,0.3529294781641279,0.9243341751502114,0.8549910296195767,0.8893388492150887,0.8877765434631273,0.8885772738867554,9,0.8885772738867554,0.8888692239523769,1080,0.01776086311202266
1.5714285714285714,0.14,0.3468623890088695,0.33365100134476255,0.3401562486820817,0.33977579149593423,0.3399553725100179,9,0.3399553725100179,0.3398494108575428,1080,0.0033068131723750253,2.2957615522818835,1.9362285255497254,2.096707644408712,2.0927531019820154,2.0945690970096313,9,2.0945690970096313,2.0594881067885007,1080,0.10739673502914651,100.0,100.0,99.64557004260809,78.61111111111111,80.95299841340488,76.0664111109764,80.46296296296296,82.71789901446316,77.99208717816286,97.12962962962963,97.97057944414343,95.95459676268531,7.28522553771374,5.931664241832895,6.615794479877944,6.581417385458472,6.5959191996911715,9,6.5959191996911715,6.585094700968121,1080,0.35766038220002755,0.9200578087784873,0.8492376193675782,0.8869478154455189,0.8853267662651065,0.8861047482088895,9,0.8861047482088895,0.8856197792183156,1080,0.01800959698866842
1.5714285714285714,0.15500000000000003,0.34634422593616904,0.33395361397055756,0.3402640429527734,0.33986503538175933,0.34006563065105316,9,0.3400656306510533,0.33996298886013193,1080,0.0032543052501907404,2.309271434486406,1.9422694209612563,2.099946744995879,2.095493615082471,2.0977439004215257,9,2.097743900421526,2.0574350948403684,1080,0.11089116975421184,100.0,100.0,99.64557004260809,79.35185185185185,81.65988287501786,76.83575731666133,80.64814814814815,82.89395522780971,78.1850886316408,97.77777777777777,98.50219235789338,96.71468568282101,7.282957411849058,5.884187013155231,6.621584316565505,6.586255759765579,6.604682118646421,9,6.604682118646421,6.591095695660195,1080,0.3692125223411251,0.9198738063579704,0.8513485779218718,0.886213283183002,0.8843697787746426,0.8852531177659004,9,0.8852531177659005,0.8850614474159938,1080,0.018018877977514374
1.5714285714285714,0.17000000000000004,0.34620907714852983,0.3329543512490089,0.3401436565140592,0.33977154490087025,0.3399560076545941,9,0.339956007654594,0.34007938416417116,1080,0.0033428418499774695,2.3177259169650495,1.9423977617191777,2.1030624329639345,2.098437767013213,2.100545705699711,9,2.1005457056997106,2.059773662359218,1080,0.11312265331822981,100.0,100.0,99.64557004260809,80.92592592592592,83.15788508835105,78.47474527133618,82.5925925925926,84.73739878974045,80.21675057136704,97.5925925925926,98.35190247098976,96.49591790290016,7.344528588168441,5.894904899679158,6.604526769572293,6.5695036647474465,6.586216091479487,9,6.5862160914794865,6.581639849402971,1080,0.3576940323679624,0.9193920226045271,0.8505969002787004,0.8850661639739804,0.883527094577459,0.8842686173346854,9,0.8842686173346854,0.8838757914019285,1080,0.017596882243159435
1.5714285714285714,0.18500000000000005,0.34650976649081655,0.33331474247619014,0.3400895679048081,0.3396652246345137,0.33987016557133437,9,0.33987016557133437,0.3399577149532189,1080,0.0033217830978681325,2.3184099365501423,1.9508977956798097,2.1086377078814955,2.104044947535931,2.106684857321716,9,2.106684857321716,2.0661719216193726,1080,0.11168543552230757,100.0,100.0,99.64557004260809,81.66666666666667,83.86076982902352,79.24809119796159,84.53703703703704,86.57056526957831,82.25868959318618,96.20370370370371,97.18940399522845,94.8904838774779,7.3336844551665825,5.880950969479675,6.626389175972529,6.589590016213237,6.607435154797669,9,6.607435154797669,6.600895319076919,1080,0.36703166984475977,0.9183421140466301,0.8479640147147532,0.8832863207469407,0.881699064216675,0.8825210819213852,9,0.8825210819213851,0.8823003655116736,1080,0.01830932128931311
1.5714285714285714,0.2,0.3463747150720244,0.3336299771166513,0.3401685418722164,0.3398158032892891,0.34000716921222346,9,0.34000716921222346,0.33999148163857407,1080,0.003250285000340202,2.316255420401499,1.9494539022935045,2.1120554902454174,2.1071324796060167,2.1092641470504008,9,2.1092641470504003,2.072765091473339,1080,0.11081555277358564,100.0,100.0,99.64557004260809,83.98148148148148,86.0479351970172,81.67414666527385,86.57407407407408,88.47827711636847,84.41061208146522,96.29629629629629,97.26843445254994,94.99598225356863,7.290025791238968,5.915634739412968,6.604417372273106,6.569610323085702,6.586508321052033,9,6.586508321052032,6.598382004012803,1080,0.34943147581744566,0.9141846104921021,0.8465809730833269,0.8819860414878026,0.8801048410894065,0.8810109844179895,9,0.8810109844179896,0.8810715353037402,1080,0.01737779019986987
1.7857142857142856,0.05,0.34680061525192096,0.3332946202508951,0.34012079692827385,0.3397031989248263,0.3399134688557713,9,0.33991346885577123,0.33992014893120825,1080,0.00341111859205191,2.4081522017608803,2.0079434494337702,2.181848651280527,2.1770420032766413,2.17947783577837,9,2.1794778357783704,2.140466581481081,1080,0.1167787214867163,100.0,100.0,99.64557004260809,88.05555555555556,89.85613316627145,85.98521736615804,98.61111111111111,99.15653144486275,97.72110609656178,89.16666666666667,90.8833712344287,87.17232529894765,7.892958001869561,6.306365063212243,7.111095014966061,7.0744426408178445,7.092863435054182,9,7.092863435054182,7.089591248607655,1080,0.3926917041876235,0.9104032976293158,0.8380063827774008,0.8751502014225095,0.8731725009136025,0.8740749555227653,9,0.8740749555227652,0.8743432963703026,1080,0.019011256124536618
1.7857142857142856,0.08000000000000002,0.3467388255968649,0.33366599409741926,0.3402895149443904,0.3399068740518636,0.34008023974395546,9,0.34008023974395535,0.3400993135130389,1080,0.0034246535933232366,2.4084587536162223,2.0244397694468956,2.1908223245447096,2.1857707079312574,2.188410590443862,9,2.1884105904438615,2.1482834771057053,1080,0.11845509186854142,100.0,100.0,99.64557004260809,86.94444444444444,88.82355419104807,84.80345034043458,99.16666666666667,99.56096838329054,98.42384215860743,87.5,89.34047242231638,85.39370510963967,7.859063517180284,6.330841331746078,7.120487780485982,7.079185527070734,7.098761220889075,9,7.098761220889076,7.0902695596354,1080,0.39345647018022994,0.9049263122899085,0.8363213157271577,0.8720401314801735,0.8702816030648611,0.8712111627706303,9,0.8712111627706302,0.870986183499991,1080,0.01796412575282565
1.7857142857142856,0.11000000000000001,0.34666305682591914,0.3332493850968243,0.3403149495790069,0.33996353143851576,0.3401582802819061,9,0.3401582802819061,0.34016079244573727,1080,0.003412331853423299,2.420015137283007,2.0237596316168656,2.1975090052616406,2.1926256454404376,2.195085735063318,9,2.1950857350633175,2.15410907033451,1080,0.11923571994817284,100.0,100.0,99.64557004260809,82.87037037037037,84.99994081713857,80.50779504420565,98.88888888888889,99.3632695370277,98.06795450463355,83.61111111111111,85.69899959497894,81.28496693366317,7.8574467921519275,6.357776018539365,7.1303802193196875,7.086772670134109,7.105446886263525,9,7.105446886263526,7.103011973979437,1080,0.3989008784066063,0.9024808053392754,0.8303439299632891,0.8690350951577142,0.8674937589593511,0.8683049692095929,9,0.8683049692095929,0.8686184244281494,1080,0.018707171975093542
1.7857142857142856,0.14,0.3468225069429395,0.33306502427734497,0.3401319152295152,0.3397731673694098,0.33992711195369607,9,0.33992711195369607,0.33987476529639926,1080,0.0034679602252553035,2.4334634571339984,2.0311312728679343,2.205834551664587,2.200868106760365,2.203304829057483,9,2.2033048290574833,2.1649207921832065,1080,0.11813170869342912,100.0,100.0,99.64557004260809,77.4074074074074,79.80181864106018,74.81871604896202,99.16666666666667,99.56096838329054,98.42384215860743,77.87037037037037,80.2449363866063,75.2982424704771,7.9077730903703625,6.3281639367738585,7.130283230597784,7.093407877512102,7.109960365736825,9,7.109960365736825,7.119445034554094,1080,0.4013674510885085,0.9018092255965513,0.8293059409567815,0.8658973947507118,0.8642634743622049,0.8651301107590501,9,0.8651301107590501,0.8652428791390361,1080,0.018909057867547714
1.7857142857142856,0.17000000000000004,0.3464272854480521,0.3336661197262454,0.34011312604190047,0.3397028851112731,0.33992980593273786,9,0.33992980593273786,0.33994448544700473,1080,0.003309374014980927,2.429819642530293,2.0415339186817145,2.214630719946138,2.210014090642614,2.2122027261430883,9,2.2122027261430883,2.1731654170969135,1080,0.11785972934305738,100.0,100.0,99.64557004260809,71.66666666666667,74.27367573357758,68.90607128488593,99.72222222222223,99.90548649702926,99.18649704534212,71.94444444444444,74.54248629988837,69.19084721881184,7.963182471376568,6.346616410271162,7.140184307513941,7.097150381236036,7.117677114461047,9,7.117677114461047,7.121678763737404,1080,0.41150955402693934,0.897566053256778,0.8250754861659889,0.8623018804847341,0.8606307564380528,0.8614300221668871,9,0.8614300221668871,0.8620725061530128,1080,0.018920028284130443
1.7857142857142856,0.2,0.34622522598576627,0.33330775070862945,0.34010564395276427,0.33969570732853516,0.33990558186852765,9,0.33990558186852765,0.33984294684391103,1080,0.003327306678880245,2.4466193315218083,2.0473928203520475,2.223415355040724,2.21867082925848,2.22112244873091,9,2.22112244873091,2.180971864160882,1080,0.12062981318968795,100.0,100.0,99.64557004260809,66.38888888888889,69.143654312488,63.517949201478,99.53703703703704,99.8020926475813,98.9208332279656,66.48148148148148,69.23400738071702,63.61212496666122,7.938225465278895,6.348921596432632,7.126983426887827,7.089211451174862,7.10925856975461,9,7.109258569754609,7.106325900777874,1080,0.3958639917519793,0.894194457536872,0.8200011432306962,0.8588441561810033,0.8569360548008428,0.8578405561305174,9,0.8578405561305174,0.85731683075788,1080,0.019264103689450363
2.2142857142857144,0.05,0.34650626242281723,0.3335428793830046,0.3403031811067633,0.33984947209623456,0.3400536037873591,9,0.34005360378735916,0.34004691228772865,1080,0.003348433678860001,2.622041223749454,2.1610282453022296,2.3636444260795657,2.3573935422450676,2.3604265306511514,9,2.360426530651151,2.3355525701622426,1080,0.12811078554587332,100.0,100.0,99.64557004260809,11.851851851851851,13.916069830143494,10.058050804014785,100.0,100.0,99.64557004260809,11.851851851851851,13.916069830143494,10.058050804014785,8.977549784615725,7.211617125538531,8.108523620985508,8.071251752184006,8.088186258810744,9,8.088186258810744,8.085892640663257,1080,0.46596997716183325,0.8639810768620154,0.7845555829744251,0.8244087103613162,0.8226386060546556,0.8235233525630611,9,0.8235233525630611,0.8243740960453997,1080,0.02109489238865275
2.2142857142857144,0.08000000000000002,0.3465989903861408,0.33347696944681954,0.3401028427328661,0.33974153108046395,0.3399171071351976,9,0.33991710713519757,0.339846603311011,1080,0.00340678685842016,2.630349748289507,2.1725581095901796,2.3725955789993054,2.3665968559355357,2.3693730009679608,9,2.369373000967961,2.342648871500623,1080,0.1301329274538482,100.0,100.0,99.64557004260809,8.148148148148149,9.93191538280274,6.661051914866052,100.0,100.0,99.64557004260809,8.148148148148149,9.93191538280274,6.661051914866052,8.948744683512116,7.14833366756011,8.135165927906256,8.087018002858272,8.112436426467657,9,8.112436426467655,8.134483597897436,1080,0.4701675166705047,0.8597085958767668,0.7833117256397715,0.8220258324085392,0.820512445849696,0.8213395346929679,9,0.8213395346929679,0.8212981082788571,1080,0.020011168864466307
2.2142857142857144,0.11000000000000001,0.3467867865389615,0.3332976236306743,0.3401387972651496,0.3397377984240069,0.33995657167750254,9,0.3399565716775026,0.33990847007360125,1080,0.0033996240480605342,2.635653851209175,2.172273118831473,2.375901619910559,2.3703492265174875,2.3734473091298423,9,2.3734473091298423,2.3400405983573878,1080,0.12943009747150297,100.0,100.0,99.64557004260809,5.092592592592593,6.5702347972295225,3.93328099783544,100.0,100.0,99.64557004260809,5.092592592592593,6.5702347972295225,3.93328099783544,8.947590958027899,7.157609634158399,8.118377595012488,8.077573489257489,8.095859722830633,9,8.095859722830633,8.104551012337055,1080,0.46182219020043613,0.8556855997970901,0.7775889747345163,0.8180486684412985,0.8162771070673601,0.81711231469037,9,0.8171123146903699,0.817013412071465,1080,0.020454822357724434
2.2142857142857144,0.14,0.3468873124326521,0.33368652028706514,0.3401673590227855,0.33977405238321623,0.33998378646821953,9,0.3399837864682195,0.3399761659707955,1080,0.003255187460397473,2.6430815504518055,2.1879630285976757,2.388699862842352,2.383070414670808,2.385609835873071,9,2.385609835873071,2.3575380796240255,1080,0.12919683433886683,100.0,100.0,99.64557004260809,3.5185185185185186,4.7924655541722565,2.574060072884675,100.0,100.0,99.64557004260809,3.5185185185185186,4.7924655541722565,2.574060072884675,8.995360310941104,7.210961787412327,8.129549514478562,8.084511161154309,8.107460512408714,9,8.107460512408714,8.114874718444373,1080,0.4605224687845512,0.8517595530328694,0.7714127942636022,0.813560314979973,0.8116680739948714,0.8125822465753331,9,0.8125822465753332,0.8132018388660299,1080,0.02145557621310325
2.2142857142857144,0.17000000000000004,0.34626579778084854,0.3336563726367072,0.3401277630821658,0.3397381320523039,0.33994880955616846,9,0.33994880955616846,0.3399881885586856,1080,0.0032679142771065857,2.6484780114039297,2.1913809246991423,2.3899716814629386,2.384532475364436,2.387372937955239,9,2.387372937955239,2.3609526537814425,1080,0.1309480713179222,100.0,100.0,99.64557004260809,2.962962962962963,4.152828424168688,2.106524202414821,100.0,100.0,99.64557004260809,2.962962962962963,4.152828424168688,2.106524202414821,9.023071792864732,7.24375974069001,8.125273415372527,8.079964313625723,8.103867913173165,9,8.103867913173167,8.096013588772998,1080,0.45699167368390564,0.8516262668208148,0.767178354457708,0.8103004140633161,0.8087018922147426,0.8094825753254539,9,0.809482575325454,0.8103639750480864,1080,0.02197828507943642
2.2142857142857144,0.2,0.34662497524514135,0.33335996432041654,0.3401363567462325,0.33978195105548287,0.339965266805802,9,0.33996526680580197,0.3399364755552473,1080,0.0032664282627195363,2.653526237247163,2.1946297507807544,2.39948237813284,2.3933952106116543,2.396612629721739,9,2.396612629721739,2.370167120497541,1080,0.13005088264624462,100.0,100.0,99.64557004260809,1.1111111111111112,1.9320454953664543,0.6367304629723097,100.0,100.0,99.64557004260809,1.1111111111111112,1.9320454953664543,0.6367304629723097,9.039086844016694,7.169203406161264,8.109987484745472,8.067911340156757,8.086618471135255,9,8.086618471135251,8.093732195885245,1080,0.4736542454968871,0.8442601136167648,0.7656122822749839,0.8058327877112693,0.8040392241726424,0.8049588170287746,9,0.8049588170287745,0.8052046322529546,1080,0.021354546436260616
2.642857142857143,0.05,0.3461835379274661,0.33355142803604115,0.34017499259842615,0.33977886247683436,0.33995900815647034,9,0.33995900815647034,0.3398810393829427,1080,0.0032889827986775475,2.769721419570154,2.272651156229081,2.4873360116571748,2.481676191340261,2.4844244166999236,9,2.4844244166999236,2.4693859739780297,1080,0.13399042185419396,100.0,100.0,99.64557004260809,0.0,0.3544299573919178,0.0,100.0,100.0,99.64557004260809,0.0,0.3544299573919178,0.0,10.106112398552039,8.084545212904048,9.14658137002488,9.096075988119765,9.12046057750744,9,9.120460577507442,9.136607755131271,1080,0.5249844376101919,0.8075744908360829,0.7182916541945549,0.7643610562561081,0.7624817644969117,0.763486511032525,9,0.763486511032525,0.7639276694213468,1080,0.023596986473890472
2.642857142857143,0.08000000000000002,0.346382189703598,0.3335529996700175,0.34015066988210324,0.33975351897402756,0.339935023395036,9,0.33993502339503595,0.33991535769578246,1080,0.0032868079615428203,2.7688006116042647,2.26642717119242,2.490227478264506,2.48456245916099,2.487420929986362,9,2.4874209299863628,2.475000286453928,1080,0.1337591802674335,100.0,100.0,99.64557004260809,0.0,0.3544299573919178,0.0,100.0,100.0,99.64557004260809,0.0,0.3544299573919178,0.0,10.170856995751972,8.034184721387515,9.140200225613231,9.09049954261578,9.112064135803777,9,9.112064135803775,9.130197591219288,1080,0.5506396065417054,0.8023404422212198,0.7149399378452104,0.7597583881070037,0.7578155679768412,0.7588098532813716,9,0.7588098532813715,0.7597031117558123,1080,0.023098756492688315
2.642857142857143,0.11000000000000001,0.346268600499675,0.3337655113117375,0.34009264930828204,0.33969820104307263,0.3398948491027697,9,0.3398948491027696,0.33989150266216084,1080,0.0033162291643164116,2.7786640631547925,2.2777327570296366,2.4968068222822795,2.491233184451079,2.493964028901493,9,2.493964028901493,2.4770252387630287,1080,0.13378602908471765,100.0,100.0,99.64557004260809,0.0,0.3544299573919178,0.0,100.0,100.0,99.64557004260809,0.0,0.3544299573919178,0.0,10.192271053256189,8.071536102524698,9.131021604422862,9.080254368952062,9.105365073752449,9,9.10536507375245,9.109610925589651,1080,0.5389088385781831,0.7984264217765382,0.7082019644219583,0.755116206305878,0.7533679505511196,0.7542845118477856,9,0.7542845118477856,0.7554131548323064,1080,0.024305171133325608
2.642857142857143,0.14,0.3464205407135162,0.33316496710749804,0.3400303487838786,0.3396218923245476,0.33982804085123575,9,0.3398280408512358,0.3397135057694858,1080,0.0033731445059714256,2.788509142807977,2.2889158350178813,2.5080787648370384,2.5012811446024124,2.504741374996034,9,2.5047413749960334,2.491564426873854,1080,0.13453243617216135,100.0,100.0,99.64557004260809,0.0,0.3544299573919178,0.0,100.0,100.0,99.64557004260809,0.0,0.3544299573919178,0.0,10.104132597096918,8.055610099379466,9.114678150052118,9.061663212134286,9.088119950964268,9,9.088119950964268,9.099425091362592,1080,0.5403240857293482,0.7947062437060735,0.7036229232842457,0.7516197399571886,0.7498395658848114,0.7507767633997984,9,0.7507767633997984,0.7511681973956013,1080,0.024413607242702758
2.642857142857143,0.17000000000000004,0.3464785132173999,0.33368367896108775,0.34026931448347203,0.33984479799665934,0.3400740848754146,9,0.3400740848754146,0.3400783884905208,1080,0.003310520224026488,2.7928507115714285,2.29245576800658,2.5109133664309273,2.5056034525247464,2.508326836545402,9,2.5083268365454026,2.496297634919809,1080,0.13405596196946293,100.0,100.0,99.64557004260809,0.0,0.3544299573919178,0.0,100.0,100.0,99.64557004260809,0.0,0.3544299573919178,0.0,10.092513038083764,8.028854533574721,9.125253359001148,9.079532116003172,9.099663132058659,9,9.09966313205866,9.100521643336652,1080,0.5177128328367367,0.7917684736688766,0.6974530043055617,0.7464544200127112,0.7446872177855351,0.7456818935205886,9,0.7456818935205886,0.7473141929209203,1080,0.024891499219125847
2.642857142857143,0.2,0.3463378176466875,0.3336781937829388,0.34018255265781294,0.3398506996381507,0.33999825512032783,9,0.33999825512032783,0.34001444511737844,1080,0.0033611454970975114,2.811837445941257,2.289366264714454,2.5146930623820976,2.5086638240394183,2.5114617949444353,9,2.5114617949444353,2.4966730476394368,1080,0.1367570789745601,100.0,100.0,99.64557004260809,0.0,0.3544299573919178,0.0,100.0,100.0,99.64557004260809,0.0,0.3544299573919178,0.0,10.12520364474014,8.031399456667597,9.115269663196655,9.070595156326643,9.094680094763032,9,9.094680094763032,9.120562663055146,1080,0.542075785974508,0.7899802236787012,0.6966500885957464,0.7431518887111102,0.7412683758301483,0.7422542448524907,9,0.7422542448524907,0.7421859406603685,1080,0.02533491226809056
3.071428571428571,0.05,0.34619251492108455,0.3336885543135811,0.3402249647572627,0.33985440173021164,0.34002341128545166,9,0.3400234112854517,0.34001954284064473,1080,0.0032225104483202967,2.8480286750308466,2.3104893839447618,2.551121987351305,2.5442675434353257,2.5474121468597732,9,2.547412146859773,2.5431169727783125,1080,0.13865505325663066,100.0,100.0,99.64557004260809,0.0,0.3544299573919178,0.0,100.0,100.0,99.64557004260809,0.0,0.3544299573919178,0.0,11.320089140085829,9.00207053359413,10.124898007547602,10.07643359771094,10.098604016138585,9,10.098604016138587,10.104695741829074,1080,0.5903639910127707,0.7413318735700336,0.6411969705968401,0.6924386884397175,0.6906990088319022,0.6914652954814063,9,0.6914652954814065,0.692247286836099,1080,0.02759742472003141
3.071428571428571,0.08000000000000002,0.3464777265660922,0.3334741133950763,0.34020822475478235,0.3398649933402727,0.3400414215226312,9,0.3400414215226312,0.34004649335321224,1080,0.003357561124805464,2.845331436922316,2.319997761897914,2.554775913128911,2.549017892112877,2.551981819000245,9,2.551981819000245,2.5439291535710726,1080,0.13802701302847753,100.0,100.0,99.64557004260809,0.0,0.3544299573919178,0.0,100.0,100.0,99.64557004260809,0.0,0.3544299573919178,0.0,11.196278492123625,8.949975579724157,10.126715048027405,10.070446676979172,10.096632534162952,9,10.096632534162952,10.11623325265698,1080,0.6078305801902754,0.7370955349800212,0.6357840777548482,0.6877321132873887,0.6857381941433044,0.6866767991002658,9,0.6866767991002658,0.6876208429530223,1080,0.028134257229334325
3.071428571428571,0.11000000000000001,0.34666797959785045,0.33315782471845923,0.3401563208705097,0.3397600832781175,0.33996750580838353,9,0.33996750580838353,0.33998539766692115,1080,0.0034566301485291938,2.848785943191653,2.3189882505171613,2.5577216380654924,2.5519983453980157,2.555078117036807,9,2.5550781170368073,2.548742894468709,1080,0.14163721236221272,100.0,100.0,99.64557004260809,0.0,0.3544299573919178,0.0,100.0,100.0,99.64557004260809,0.0,0.3544299573919178,0.0,11.2268953101574,8.883816422125543,10.129009639903476,10.070049248159064,10.09840592465831,9,10.09840592465831,10.159642347921547,1080,0.6165720555767781,0.733364416633556,0.6300730544291997,0.682492812726008,0.6804504536983372,0.6815393385749929,9,0.681539338574993,0.6830386800260124,1080,0.028464716582776002
3.071428571428571,0.14,0.3466260268403523,0.3332828042906046,0.3402019589688447,0.33980092237706,0.33996675137702176,9,0.3399667513770218,0.33993338926735306,1080,0.0033067877106109566,2.852565500743351,2.3264992578558985,2.5641322411123695,2.5577775504034763,2.561186464556684,9,2.5611864645566844,2.5548088182288167,1080,0.13952918142267756,100.0,100.0,99.64557004260809,0.0,0.3544299573919178,0.0,100.0,100.0,99.64557004260809,0.0,0.3544299573919178,0.0,11.298788698271064,8.89603885398082,10.129717774484057,10.074251644970964,10.103577777604743,9,10.103577777604743,10.10783200534655,1080,0.6044892838774921,0.7250232463760843,0.6300084273520575,0.6783690956981742,0.6764010182323538,0.6772026659494618,9,0.6772026659494618,0.6753164626207807,1080,0.02693698109796993
3.071428571428571,0.17000000000000004,0.34680942471199167,0.3335171200754758,0.34017571122887263,0.3397861803254932,0.3399949853074026,9,0.3399949853074026,0.3399273332759446,1080,0.003373901226963012,2.8647991260667687,2.3332761325221107,2.566103690886824,2.5603973953003334,2.563170985419833,9,2.563170985419833,2.557536055631446,1080,0.13954789026412578,100.0,100.0,99.64557004260809,0.0,0.3544299573919178,0.0,100.0,100.0,99.64557004260809,0.0,0.3544299573919178,0.0,11.212123568493556,8.905515203267859,10.121022961667672,10.067457554500784,10.094245115619177,9,10.094245115619175,10.11923830075885,1080,0.6045884757795261,0.7211256193314953,0.6200380816679502,0.6725615447201637,0.6707118944211885,0.6716608344951808,9,0.6716608344951808,0.6737900665905168,1080,0.02862978364646179
3.071428571428571,0.2,0.3464701830952796,0.3334924626008106,0.3401465772476685,0.33977034661416394,0.33998626936951165,9,0.3399862693695116,0.3399776365938534,1080,0.0033486975062028226,2.8843454185601605,2.343718166515116,2.573056290538495,2.567223160670039,2.5702257700502464,9,2.5702257700502464,2.5639853557673407,1080,0.14192602692955608,100.0,100.0,99.64557004260809,0.0,0.3544299573919178,0.0,100.0,100.0,99.64557004260809,0.0,0.3544299573919178,0.0,11.279712641115028,8.925860547799202,10.115311954471125,10.060440278525867,10.090665904125233,9,10.090665904125233,10.109742108486707,1080,0.603721225391123,0.7178691409585761,0.6134789530847996,0.6670887054858511,0.6654816199072119,0.6663556934825585,9,0.6663556934825585,0.6684639324242876,1080,0.02916916017622157
3.5,0.05,0.34635184809651504,0.33351048082741697,0.3402181358291361,0.339822399541405,0.34002659978873206,9,0.34002659978873206,0.34006297716664824,1080,0.003337675017082907,2.8524018003557106,2.309128410690568,2.5580609082518504,2.5522394754860134,2.555487303578987,9,2.555487303578987,2.5465526634235385,1080,0.14802268888657333,100.0,100.0,99.64557004260809,0.0,0.3544299573919178,0.0,100.0,100.0,99.64557004260809,0.0,0.3544299573919178,0.0,12.378707477622411,9.713770650488444,11.121922184183687,11.058751878051583,11.089730594368367,9,11.089730594368366,11.122403912942751,1080,0.6786700931218571,0.662458874973406,0.5499139110760353,0.6087598353970801,0.6071391336386398,0.6079467537424291,9,0.6079467537424292,0.6102662846562794,1080,0.03185922809641371
3.5,0.08000000000000002,0.34650769370170786,0.3333161262799237,0.34004608791019586,0.3396477756275866,0.33985569204792765,9,0.33985569204792765,0.34001299657952994,1080,0.0033519285341596992,2.856772505590064,2.3041012697631356,2.5582075257505257,2.551914045873132,2.555210272545719,9,2.555210272545719,2.5488053922930405,1080,0.147879193241318,100.0,100.0,99.64557004260809,0.0,0.3544299573919178,0.0,100.0,100.0,99.64557004260809,0.0,0.3544299573919178,0.0,12.354221129441386,9.721906369066293,11.101656723227993,11.04079854734335,11.071115840632986,9,11.071115840632986,11.090170192736718,1080,0.6838237047980135,0.6623644364722654,0.5475174610940958,0.6047752002628278,0.6031983194243766,0.6039867887962507,9,0.6039867887962507,0.6062924175703547,1080,0.03289441594906079
3.5,0.11000000000000001,0.3469314013450257,0.33346823198434156,0.3402249018314239,0.33982193232379937,0.34003953024337175,9,0.34003953024337175,0.3401652103673601,1080,0.0033878072131096177,2.8662126100245895,2.312862623015877,2.5630387715586904,2.5576674008413107,2.5600160467131556,9,2.5600160467131556,2.5529526856323477,1080,0.14893249909738002,100.0,100.0,99.64557004260809,0.0,0.3544299573919178,0.0,100.0,100.0,99.64557004260809,0.0,0.3544299573919178,0.0,12.32109662662586,9.835697904952935,11.124743082213936,11.069070621611576,11.095297360103986,9,11.095297360103988,11.095996846299883,1080,0.6592919830538878,0.6559380613696618,0.5398458779354681,0.5996748712283727,0.5979915422426445,0.5988786267123629,9,0.5988786267123628,0.6004873893889697,1080,0.032959931187449186
3.5,0.14,0.3466714181762423,0.3335698538719433,0.3402496895902405,0.33981545913106487,0.3400311350591446,9,0.34003113505914456,0.3400318873484155,1080,0.003244463456182322,2.8648023205148276,2.31301829567262,2.566139886370555,2.560094709640217,2.5629560682093624,9,2.562956068209363,2.553683493893425,1080,0.15051023138169686,100.0,100.0,99.64557004260809,0.0,0.3544299573919178,0.0,100.0,100.0,99.64557004260809,0.0,0.3544299573919178,0.0,12.404347652669696,9.70138514933478,11.127262816499933,11.054450709476791,11.090707885279784,9,11.090707885279782,11.130458586417445,1080,0.6981713400272918,0.6481810498194229,0.534107317449791,0.5939271270347279,0.592128847345002,0.5931247009932218,9,0.5931247009932219,0.5944089191521545,1080,0.03319215860663369
3.5,0.17000000000000004,0.34636487505254915,0.33358605790096907,0.3402880975906637,0.3398855582480285,0.34009276498479935,9,0.34009276498479935,0.34015813131935513,1080,0.003304428332223021,2.8549187466711454,2.3091658958369714,2.5671835292851997,2.560471385376649,2.564227603256167,9,2.5642276032561675,2.5594603709581722,1080,0.14819477586945043,100.0,100.0,99.64557004260809,0.0,0.3544299573919178,0.0,100.0,100.0,99.64557004260809,0.0,0.3544299573919178,0.0,12.414727471403982,9.82688802557093,11.102875769007762,11.03957082997793,11.074358986169194,9,11.074358986169194,11.089617299131667,1080,0.6771381800290379,0.6463709971046231,0.529698433447928,0.5887647890698985,0.5868931005681337,0.5879289090930769,9,0.5879289090930769,0.5893990110336675,1080,0.033735167073372194
3.5,0.2,0.34668862251889454,0.3339436020098596,0.34036265254400744,0.33998184496105094,0.3401771707423285,9,0.34017717074232856,0.34018126804884186,1080,0.003275509212173946,2.8748022743032697,2.3119518273040316,2.5718410132125546,2.5658921482788526,2.5690226029690777,9,2.5690226029690777,2.565560653368637,1080,0.15373755503894537,100.0,100.0,99.64557004260809,0.0,0.3544299573919178,0.0,100.0,100.0,99.64557004260809,0.0,0.3544299573919178,0.0,12.346858060905667,9.783205865646446,11.104762125954439,11.040924055223403,11.072277853594237,9,11.072277853594235,11.081210350273594,1080,0.6772017803329492,0.6393944001596652,0.5209402593727426,0.582626634611083,0.5810839403030708,0.5818221907286437,9,0.5818221907286437,0.584259372144261,1080,0.034341763828516614
